{"v":"5.3.4","fr":48,"ip":0,"op":151,"w":800,"h":410,"nm":"Loader_v1","ddd":0,"assets":[],"layers":[{"ddd":0,"ind":1,"ty":4,"nm":"LOADER_V6","sr":1,"ks":{"o":{"a":0,"k":100,"ix":11},"r":{"a":0,"k":36,"ix":10},"p":{"a":0,"k":[579.19,205.085,0],"ix":2},"a":{"a":0,"k":[216,-10,0],"ix":1},"s":{"a":0,"k":[100,100,100],"ix":6}},"ao":0,"shapes":[{"ty":"gr","it":[{"ty":"st","c":{"a":0,"k":[1,1,1,1],"ix":3},"o":{"a":0,"k":100,"ix":4},"w":{"a":0,"k":5,"ix":5},"lc":1,"lj":1,"ml":4,"ml2":{"a":0,"k":4,"ix":8},"nm":"Stroke 1","mn":"ADBE Vector Graphic - Stroke","hd":false},{"ty":"fl","c":{"a":0,"k":[1,1,1,1],"ix":4},"o":{"a":0,"k":100,"ix":5},"r":1,"nm":"Fill 1","mn":"ADBE Vector Graphic - Fill","hd":false},{"ty":"tr","p":{"a":0,"k":[0,0],"ix":2},"a":{"a":0,"k":[0,0],"ix":1},"s":{"a":0,"k":[100,100],"ix":3},"r":{"a":0,"k":0,"ix":6},"o":{"a":0,"k":100,"ix":7},"sk":{"a":0,"k":0,"ix":4},"sa":{"a":0,"k":0,"ix":5},"nm":"Transform"}],"nm":"Shape 1","np":2,"cix":2,"ix":1,"mn":"ADBE Vector Group","hd":false},{"ty":"gr","it":[{"ind":0,"ty":"sh","ix":1,"ks":{"a":0,"k":{"i":[[0,0],[-107.279,88.357],[92.426,-14.037],[-5.005,-112.816]],"o":[[18.902,1.366],[97.297,-80.136],[-61.088,9.278],[0.762,17.188]],"v":[[97.22,98.176],[301.645,61.959],[216.224,-143.727],[84.181,35.652]],"c":false},"ix":2},"nm":"Path 1","mn":"ADBE Vector Shape - Group","hd":false},{"ty":"st","c":{"a":0,"k":[1,1,1,1],"ix":3},"o":{"a":0,"k":100,"ix":4},"w":{"a":0,"k":5,"ix":5},"lc":1,"lj":1,"ml":10,"ml2":{"a":0,"k":10,"ix":8},"nm":"Stroke 1","mn":"ADBE Vector Graphic - Stroke","hd":false},{"ty":"tr","p":{"a":0,"k":[0,0],"ix":2},"a":{"a":0,"k":[0,0],"ix":1},"s":{"a":0,"k":[100,100],"ix":3},"r":{"a":0,"k":0,"ix":6},"o":{"a":0,"k":100,"ix":7},"sk":{"a":0,"k":0,"ix":4},"sa":{"a":0,"k":0,"ix":5},"nm":"Transform"}],"nm":"Group 1","np":2,"cix":2,"ix":2,"mn":"ADBE Vector Group","hd":false},{"ty":"tm","s":{"a":1,"k":[{"i":{"x":[0.667],"y":[1]},"o":{"x":[1],"y":[0]},"n":["0p667_1_1_0"],"t":6,"s":[0],"e":[100]},{"t":54}],"ix":1},"e":{"a":1,"k":[{"i":{"x":[0.667],"y":[1]},"o":{"x":[1],"y":[0]},"n":["0p667_1_1_0"],"t":0,"s":[0],"e":[100]},{"t":49}],"ix":2},"o":{"a":0,"k":0,"ix":3},"m":1,"ix":3,"nm":"Trim Paths 1","mn":"ADBE Vector Filter - Trim","hd":false}],"ip":8,"op":51,"st":0,"bm":0},{"ddd":0,"ind":2,"ty":4,"nm":"LOADER_V3","sr":1,"ks":{"o":{"a":0,"k":100,"ix":11},"r":{"a":0,"k":12,"ix":10},"p":{"a":0,"k":[202.005,204.678,0],"ix":2},"a":{"a":0,"k":[-161.186,-10.407,0],"ix":1},"s":{"a":0,"k":[100,100,100],"ix":6}},"ao":0,"shapes":[{"ty":"gr","it":[{"ind":0,"ty":"sh","ix":1,"ks":{"a":0,"k":{"i":[[0,0],[92.181,-0.464],[-0.058,-106.288],[-80.342,1.836],[-6.261,0.435],[-25.088,102.501]],"o":[[-7.205,-3.379],[-98.345,0.496],[0.064,116.202],[4.738,-0.108],[88.705,-6.159],[38.489,-157.25]],"v":[[-1.918,-104.452],[-163.952,-195.462],[-353.292,-0.014],[-174.626,188.501],[-157.884,188.148],[33.316,25.208]],"c":false},"ix":2},"nm":"Path 1","mn":"ADBE Vector Shape - Group","hd":false},{"ty":"st","c":{"a":0,"k":[1,1,1,1],"ix":3},"o":{"a":0,"k":100,"ix":4},"w":{"a":0,"k":5,"ix":5},"lc":1,"lj":1,"ml":10,"ml2":{"a":0,"k":10,"ix":8},"nm":"Stroke 1","mn":"ADBE Vector Graphic - Stroke","hd":false},{"ty":"tr","p":{"a":0,"k":[0,0],"ix":2},"a":{"a":0,"k":[0,0],"ix":1},"s":{"a":0,"k":[100,100],"ix":3},"r":{"a":0,"k":0,"ix":6},"o":{"a":0,"k":100,"ix":7},"sk":{"a":0,"k":0,"ix":4},"sa":{"a":0,"k":0,"ix":5},"nm":"Transform"}],"nm":"Group 1","np":2,"cix":2,"ix":1,"mn":"ADBE Vector Group","hd":false},{"ty":"tm","s":{"a":1,"k":[{"i":{"x":[0.667],"y":[1]},"o":{"x":[1],"y":[0]},"n":["0p667_1_1_0"],"t":6,"s":[0],"e":[100]},{"t":54}],"ix":1},"e":{"a":1,"k":[{"i":{"x":[0.667],"y":[1]},"o":{"x":[1],"y":[0]},"n":["0p667_1_1_0"],"t":1,"s":[0],"e":[100]},{"t":49}],"ix":2},"o":{"a":0,"k":0,"ix":3},"m":1,"ix":2,"nm":"Trim Paths 1","mn":"ADBE Vector Filter - Trim","hd":false}],"ip":8,"op":51,"st":0,"bm":0},{"ddd":0,"ind":3,"ty":4,"nm":"Слой 29","sr":1,"ks":{"o":{"a":0,"k":100,"ix":11},"r":{"a":0,"k":0,"ix":10},"p":{"a":0,"k":[441.756,211.719,0],"ix":2},"a":{"a":0,"k":[0,0,0],"ix":1},"s":{"a":0,"k":[100,100,100],"ix":6}},"ao":0,"shapes":[{"ty":"gr","it":[{"ind":0,"ty":"sh","ix":1,"ks":{"a":0,"k":{"i":[[-76.412,142.724],[-47.299,-0.173],[3.016,-116.163],[98.323,2.112],[6.463,9.409]],"o":[[101.937,-190.4],[80.362,0.295],[-2.759,106.252],[-92.161,-1.979],[0,0]],"v":[[-66.807,-6.132],[169.165,-195.391],[353.257,5.006],[158.803,195.366],[4.263,105.265]],"c":false},"ix":2},"nm":"Path 1","mn":"ADBE Vector Shape - Group","hd":false},{"ty":"st","c":{"a":0,"k":[1,1,1,1],"ix":3},"o":{"a":0,"k":100,"ix":4},"w":{"a":0,"k":5,"ix":5},"lc":1,"lj":1,"ml":10,"ml2":{"a":0,"k":10,"ix":8},"nm":"Stroke 1","mn":"ADBE Vector Graphic - Stroke","hd":false},{"ty":"tr","p":{"a":0,"k":[0,0],"ix":2},"a":{"a":0,"k":[0,0],"ix":1},"s":{"a":0,"k":[100,100],"ix":3},"r":{"a":0,"k":0,"ix":6},"o":{"a":0,"k":100,"ix":7},"sk":{"a":0,"k":0,"ix":4},"sa":{"a":0,"k":0,"ix":5},"nm":"Transform"}],"nm":"Group 1","np":2,"cix":2,"ix":1,"mn":"ADBE Vector Group","hd":false},{"ty":"tm","s":{"a":1,"k":[{"i":{"x":[0.667],"y":[1]},"o":{"x":[1],"y":[0]},"n":["0p667_1_1_0"],"t":79,"s":[0],"e":[100]},{"t":146}],"ix":1},"e":{"a":1,"k":[{"i":{"x":[0.667],"y":[1]},"o":{"x":[1],"y":[0]},"n":["0p667_1_1_0"],"t":72,"s":[0],"e":[100]},{"t":140}],"ix":2},"o":{"a":0,"k":0,"ix":3},"m":1,"ix":2,"nm":"Trim Paths 1","mn":"ADBE Vector Filter - Trim","hd":false}],"ip":97,"op":143,"st":7,"bm":0},{"ddd":0,"ind":4,"ty":4,"nm":"Слой 28","sr":1,"ks":{"o":{"a":0,"k":100,"ix":11},"r":{"a":0,"k":0,"ix":10},"p":{"a":0,"k":[441.756,211.719,0],"ix":2},"a":{"a":0,"k":[0,0,0],"ix":1},"s":{"a":0,"k":[100,100,100],"ix":6}},"ao":0,"shapes":[{"ty":"gr","it":[{"ind":0,"ty":"sh","ix":1,"ks":{"a":0,"k":{"i":[[101.937,-190.4],[40.575,4.176],[-14.654,81.684],[-64.004,-0.697],[-8.272,-8.722]],"o":[[-76.412,142.724],[-52.376,-5.39],[9.116,-50.812],[64.658,0.704],[0,0]],"v":[[-66.807,-6.132],[-246.215,124.229],[-351.28,-25.609],[-235.364,-134.074],[-130.396,-93.777]],"c":false},"ix":2},"nm":"Path 1","mn":"ADBE Vector Shape - Group","hd":false},{"ty":"st","c":{"a":0,"k":[1,1,1,1],"ix":3},"o":{"a":0,"k":100,"ix":4},"w":{"a":0,"k":5,"ix":5},"lc":1,"lj":1,"ml":10,"ml2":{"a":0,"k":10,"ix":8},"nm":"Stroke 1","mn":"ADBE Vector Graphic - Stroke","hd":false},{"ty":"tr","p":{"a":0,"k":[0,0],"ix":2},"a":{"a":0,"k":[0,0],"ix":1},"s":{"a":0,"k":[100,100],"ix":3},"r":{"a":0,"k":0,"ix":6},"o":{"a":0,"k":100,"ix":7},"sk":{"a":0,"k":0,"ix":4},"sa":{"a":0,"k":0,"ix":5},"nm":"Transform"}],"nm":"Group 1","np":2,"cix":2,"ix":1,"mn":"ADBE Vector Group","hd":false},{"ty":"tm","s":{"a":1,"k":[{"i":{"x":[0.667],"y":[1]},"o":{"x":[1],"y":[0]},"n":["0p667_1_1_0"],"t":79,"s":[0],"e":[100]},{"t":146}],"ix":1},"e":{"a":1,"k":[{"i":{"x":[0.667],"y":[1]},"o":{"x":[1],"y":[0]},"n":["0p667_1_1_0"],"t":72,"s":[0],"e":[100]},{"t":141}],"ix":2},"o":{"a":0,"k":0,"ix":3},"m":1,"ix":2,"nm":"Trim Paths 1","mn":"ADBE Vector Filter - Trim","hd":false}],"ip":97,"op":143,"st":7,"bm":0},{"ddd":0,"ind":5,"ty":4,"nm":"LOADER_V7","sr":1,"ks":{"o":{"a":0,"k":100,"ix":11},"r":{"a":0,"k":0,"ix":10},"p":{"a":0,"k":[400.5,206.821,0],"ix":2},"a":{"a":0,"k":[0,0,0],"ix":1},"s":{"a":0,"k":[100,100,100],"ix":6}},"ao":0,"shapes":[{"ty":"gr","it":[{"ind":0,"ty":"sh","ix":1,"ks":{"a":0,"k":{"i":[[-68.67,-67.469],[-56.204,0.991],[0,79.498],[77.625,6.48],[79,-160.604],[38.711,-0.884],[0.052,95.127],[-69.49,0.867],[-23.24,-34.381]],"o":[[30.158,29.631],[77.203,-1.361],[0,-88.638],[-39.464,-3.295],[-78.038,158.647],[-65.771,1.503],[-0.052,-94.424],[56.718,-0.708],[60.578,89.62]],"v":[[60.366,90.809],[195,155],[343,0],[197,-160],[0,0],[-190,158],[-344,0],[-189,-160],[-60.578,-89.62]],"c":true},"ix":2},"nm":"Path 1","mn":"ADBE Vector Shape - Group","hd":false},{"ty":"st","c":{"a":0,"k":[1,1,1,1],"ix":3},"o":{"a":0,"k":100,"ix":4},"w":{"a":0,"k":20,"ix":5},"lc":1,"lj":1,"ml":10,"ml2":{"a":0,"k":10,"ix":8},"nm":"Stroke 1","mn":"ADBE Vector Graphic - Stroke","hd":false},{"ty":"tr","p":{"a":0,"k":[0,0],"ix":2},"a":{"a":0,"k":[0,0],"ix":1},"s":{"a":0,"k":[100,100],"ix":3},"r":{"a":0,"k":0,"ix":6},"o":{"a":0,"k":100,"ix":7},"sk":{"a":0,"k":0,"ix":4},"sa":{"a":0,"k":0,"ix":5},"nm":"Transform"}],"nm":"Group 1","np":2,"cix":2,"ix":1,"mn":"ADBE Vector Group","hd":false},{"ty":"tm","s":{"a":1,"k":[{"i":{"x":[0.667],"y":[1]},"o":{"x":[0.622],"y":[0]},"n":["0p667_1_0p622_0"],"t":0,"s":[85],"e":[95]},{"i":{"x":[0.667],"y":[1]},"o":{"x":[0.776],"y":[0]},"n":["0p667_1_0p776_0"],"t":72,"s":[95],"e":[85]},{"t":151}],"ix":1},"e":{"a":1,"k":[{"i":{"x":[0.667],"y":[1]},"o":{"x":[0.622],"y":[0]},"n":["0p667_1_0p622_0"],"t":0,"s":[5],"e":[15]},{"i":{"x":[0.667],"y":[1]},"o":{"x":[0.776],"y":[0]},"n":["0p667_1_0p776_0"],"t":72,"s":[15],"e":[5]},{"t":151}],"ix":2},"o":{"a":1,"k":[{"i":{"x":[0.667],"y":[1]},"o":{"x":[0.768],"y":[0]},"n":["0p667_1_0p768_0"],"t":0,"s":[-19],"e":[-398]},{"i":{"x":[0],"y":[1]},"o":{"x":[0.333],"y":[0]},"n":["0_1_0p333_0"],"t":60,"s":[-398],"e":[-379]},{"i":{"x":[0.667],"y":[1]},"o":{"x":[0.783],"y":[-0.178]},"n":["0p667_1_0p783_-0p178"],"t":72,"s":[-379],"e":[1]},{"i":{"x":[0.019],"y":[0.577]},"o":{"x":[0.396],"y":[0]},"n":["0p019_0p577_0p396_0"],"t":139,"s":[1],"e":[-19]},{"t":151}],"ix":3},"m":1,"ix":2,"nm":"Trim Paths 1","mn":"ADBE Vector Filter - Trim","hd":false}],"ip":0,"op":151,"st":0,"bm":0},{"ddd":0,"ind":6,"ty":4,"nm":"LOADER_V5","sr":1,"ks":{"o":{"a":0,"k":100,"ix":11},"r":{"a":0,"k":0,"ix":10},"p":{"a":0,"k":[400,206,0],"ix":2},"a":{"a":0,"k":[0,0,0],"ix":1},"s":{"a":0,"k":[100,100,100],"ix":6}},"ao":0,"shapes":[{"ty":"gr","it":[{"ind":0,"ty":"sh","ix":1,"ks":{"a":0,"k":{"i":[[-68.67,-67.469],[-56.204,0.991],[0,79.498],[77.625,6.48],[79,-160.604],[38.711,-0.884],[0.052,95.127],[-69.49,0.867],[-23.24,-34.381]],"o":[[30.158,29.631],[77.203,-1.361],[0,-88.638],[-39.464,-3.295],[-78.038,158.647],[-65.771,1.503],[-0.052,-94.424],[56.718,-0.708],[60.578,89.62]],"v":[[60.366,90.809],[195,155],[343,0],[197,-160],[0,0],[-190,158],[-344,0],[-189,-160],[-60.578,-89.62]],"c":true},"ix":2},"nm":"Path 1","mn":"ADBE Vector Shape - Group","hd":false},{"ty":"st","c":{"a":0,"k":[1,1,1,1],"ix":3},"o":{"a":0,"k":100,"ix":4},"w":{"a":0,"k":20,"ix":5},"lc":1,"lj":1,"ml":10,"ml2":{"a":0,"k":10,"ix":8},"nm":"Stroke 1","mn":"ADBE Vector Graphic - Stroke","hd":false},{"ty":"tr","p":{"a":0,"k":[0,0],"ix":2},"a":{"a":0,"k":[0,0],"ix":1},"s":{"a":0,"k":[100,100],"ix":3},"r":{"a":0,"k":0,"ix":6},"o":{"a":0,"k":100,"ix":7},"sk":{"a":0,"k":0,"ix":4},"sa":{"a":0,"k":0,"ix":5},"nm":"Transform"}],"nm":"Group 1","np":2,"cix":2,"ix":1,"mn":"ADBE Vector Group","hd":false},{"ty":"tm","s":{"a":1,"k":[{"i":{"x":[0.667],"y":[1]},"o":{"x":[0.622],"y":[0]},"n":["0p667_1_0p622_0"],"t":0,"s":[85],"e":[95]},{"i":{"x":[0.667],"y":[1]},"o":{"x":[0.776],"y":[0]},"n":["0p667_1_0p776_0"],"t":72,"s":[95],"e":[85]},{"t":151}],"ix":1},"e":{"a":1,"k":[{"i":{"x":[0.667],"y":[1]},"o":{"x":[0.622],"y":[0]},"n":["0p667_1_0p622_0"],"t":0,"s":[5],"e":[15]},{"i":{"x":[0.667],"y":[1]},"o":{"x":[0.776],"y":[0]},"n":["0p667_1_0p776_0"],"t":72,"s":[15],"e":[5]},{"t":151}],"ix":2},"o":{"a":1,"k":[{"i":{"x":[0.667],"y":[1]},"o":{"x":[0.768],"y":[0]},"n":["0p667_1_0p768_0"],"t":0,"s":[-19],"e":[-398]},{"i":{"x":[0],"y":[1]},"o":{"x":[0.333],"y":[0]},"n":["0_1_0p333_0"],"t":60,"s":[-398],"e":[-379]},{"i":{"x":[0.667],"y":[1]},"o":{"x":[0.783],"y":[-0.178]},"n":["0p667_1_0p783_-0p178"],"t":72,"s":[-379],"e":[1]},{"i":{"x":[0.019],"y":[0.577]},"o":{"x":[0.396],"y":[0]},"n":["0p019_0p577_0p396_0"],"t":139,"s":[1],"e":[-19]},{"t":151}],"ix":3},"m":1,"ix":2,"nm":"Trim Paths 1","mn":"ADBE Vector Filter - Trim","hd":false}],"ip":0,"op":151,"st":0,"bm":0}],"markers":[]}