{"v":"5.4.2","fr":25,"ip":0,"op":26,"w":36,"h":36,"nm":"Comp 1","ddd":0,"assets":[],"layers":[{"ddd":0,"ind":1,"ty":4,"nm":"Layer 5","sr":1,"ks":{"o":{"a":0,"k":100,"ix":11},"r":{"a":0,"k":0,"ix":10},"p":{"a":0,"k":[17.766,7.493,0],"ix":2},"a":{"a":0,"k":[0,0,0],"ix":1},"s":{"a":0,"k":[100,100,100],"ix":6}},"ao":0,"shapes":[{"ty":"gr","it":[{"ind":0,"ty":"sh","ix":1,"ks":{"a":1,"k":[{"i":{"x":0.3,"y":1},"o":{"x":0.333,"y":0},"n":"0p3_1_0p333_0","t":0,"s":[{"i":[[0,0],[-0.178,-1.124],[-2.313,0.367]],"o":[[-1.3,-0.133],[0.178,1.124],[0,0]],"v":[[0.463,-1.988],[-2.061,-0.436],[2.354,0.49]],"c":false}],"e":[{"i":[[0,0],[0.548,-0.997],[-2.053,-1.128]],"o":[[-0.946,-0.901],[-0.548,0.997],[0,0]],"v":[[6.992,-1.972],[4.047,-2.292],[6.968,1.145]],"c":false}]},{"i":{"x":0.667,"y":1},"o":{"x":0.643,"y":0},"n":"0p667_1_0p643_0","t":13,"s":[{"i":[[0,0],[0.548,-0.997],[-2.053,-1.128]],"o":[[-0.946,-0.901],[-0.548,0.997],[0,0]],"v":[[6.992,-1.972],[4.047,-2.292],[6.968,1.145]],"c":false}],"e":[{"i":[[0,0],[-0.178,-1.124],[-2.313,0.367]],"o":[[-1.3,-0.133],[0.178,1.124],[0,0]],"v":[[0.463,-1.988],[-2.061,-0.436],[2.354,0.49]],"c":false}]},{"t":25}],"ix":2},"nm":"Path 1","mn":"ADBE Vector Shape - Group","hd":false},{"ty":"st","c":{"a":0,"k":[0.800000011921,0.454901963472,0,1],"ix":3},"o":{"a":0,"k":100,"ix":4},"w":{"a":0,"k":1,"ix":5},"lc":2,"lj":1,"ml":10,"ml2":{"a":0,"k":10,"ix":8},"nm":"Stroke 1","mn":"ADBE Vector Graphic - Stroke","hd":false},{"ty":"tr","p":{"a":0,"k":[0,0],"ix":2},"a":{"a":0,"k":[0,0],"ix":1},"s":{"a":0,"k":[100,100],"ix":3},"r":{"a":0,"k":23.877,"ix":6},"o":{"a":0,"k":100,"ix":7},"sk":{"a":0,"k":0,"ix":4},"sa":{"a":0,"k":0,"ix":5},"nm":"Transform"}],"nm":"Group 1","np":2,"cix":2,"ix":1,"mn":"ADBE Vector Group","hd":false}],"ip":0,"op":26,"st":0,"bm":0},{"ddd":0,"ind":2,"ty":4,"nm":"Layer 4","sr":1,"ks":{"o":{"a":0,"k":100,"ix":11},"r":{"a":0,"k":0,"ix":10},"p":{"a":0,"k":[12.781,9.495,0],"ix":2},"a":{"a":0,"k":[0,0,0],"ix":1},"s":{"a":0,"k":[100,100,100],"ix":6}},"ao":0,"shapes":[{"ty":"gr","it":[{"ind":0,"ty":"sh","ix":1,"ks":{"a":1,"k":[{"i":{"x":0.3,"y":1},"o":{"x":0.333,"y":0},"n":"0p3_1_0p333_0","t":0,"s":[{"i":[[0,0],[0.022,0.602]],"o":[[-1.584,-0.401],[0,0]],"v":[[1.115,1.305],[-1.115,-1.305]],"c":false}],"e":[{"i":[[0,0],[-0.366,0.479]],"o":[[-0.967,-1.317],[0,0]],"v":[[4.725,1.144],[4.662,-2.288]],"c":false}]},{"i":{"x":0.667,"y":1},"o":{"x":0.643,"y":0},"n":"0p667_1_0p643_0","t":13,"s":[{"i":[[0,0],[-0.366,0.479]],"o":[[-0.967,-1.317],[0,0]],"v":[[4.725,1.144],[4.662,-2.288]],"c":false}],"e":[{"i":[[0,0],[0.022,0.602]],"o":[[-1.584,-0.401],[0,0]],"v":[[1.115,1.305],[-1.115,-1.305]],"c":false}]},{"t":25}],"ix":2},"nm":"Path 1","mn":"ADBE Vector Shape - Group","hd":false},{"ty":"st","c":{"a":0,"k":[0.800000011921,0.454901963472,0,1],"ix":3},"o":{"a":0,"k":100,"ix":4},"w":{"a":0,"k":1,"ix":5},"lc":2,"lj":1,"ml":10,"ml2":{"a":0,"k":10,"ix":8},"nm":"Stroke 1","mn":"ADBE Vector Graphic - Stroke","hd":false},{"ty":"tr","p":{"a":0,"k":[0,0],"ix":2},"a":{"a":0,"k":[0,0],"ix":1},"s":{"a":0,"k":[100,100],"ix":3},"r":{"a":0,"k":0,"ix":6},"o":{"a":0,"k":100,"ix":7},"sk":{"a":0,"k":0,"ix":4},"sa":{"a":0,"k":0,"ix":5},"nm":"Transform"}],"nm":"Group 1","np":2,"cix":2,"ix":1,"mn":"ADBE Vector Group","hd":false}],"ip":0,"op":26,"st":0,"bm":0},{"ddd":0,"ind":3,"ty":4,"nm":"Layer 3","sr":1,"ks":{"o":{"a":0,"k":100,"ix":11},"r":{"a":0,"k":0,"ix":10},"p":{"a":0,"k":[23.187,28.427,0],"ix":2},"a":{"a":0,"k":[0,0,0],"ix":1},"s":{"a":0,"k":[100,100,100],"ix":6}},"ao":0,"shapes":[{"ty":"gr","it":[{"ind":0,"ty":"sh","ix":1,"ks":{"a":1,"k":[{"i":{"x":0.3,"y":1},"o":{"x":0.333,"y":0},"n":"0p3_1_0p333_0","t":0,"s":[{"i":[[0,0],[-5.286,0],[-0.268,0.535]],"o":[[0.669,1.55],[5.286,0],[0,0]],"v":[[-7.06,-2.448],[0.301,2.448],[7.06,-0.764]],"c":false}],"e":[{"i":[[0,0],[-5.252,-0.603],[-0.286,0.526]],"o":[[0.233,1.466],[4.498,0.516],[0,0]],"v":[[-6.77,-3.092],[-0.484,2.357],[6.375,-0.168]],"c":false}]},{"i":{"x":0.667,"y":1},"o":{"x":0.643,"y":0},"n":"0p667_1_0p643_0","t":13,"s":[{"i":[[0,0],[-5.252,-0.603],[-0.286,0.526]],"o":[[0.233,1.466],[4.498,0.516],[0,0]],"v":[[-6.77,-3.092],[-0.484,2.357],[6.375,-0.168]],"c":false}],"e":[{"i":[[0,0],[-5.286,0],[-0.268,0.535]],"o":[[0.669,1.55],[5.286,0],[0,0]],"v":[[-7.06,-2.448],[0.301,2.448],[7.06,-0.764]],"c":false}]},{"t":25}],"ix":2},"nm":"Path 1","mn":"ADBE Vector Shape - Group","hd":false},{"ty":"st","c":{"a":0,"k":[0.800000011921,0.454901963472,0,1],"ix":3},"o":{"a":0,"k":100,"ix":4},"w":{"a":0,"k":1,"ix":5},"lc":2,"lj":1,"ml":10,"ml2":{"a":0,"k":10,"ix":8},"nm":"Stroke 1","mn":"ADBE Vector Graphic - Stroke","hd":false},{"ty":"tr","p":{"a":0,"k":[0,0],"ix":2},"a":{"a":0,"k":[0,0],"ix":1},"s":{"a":0,"k":[100,100],"ix":3},"r":{"a":0,"k":0,"ix":6},"o":{"a":0,"k":100,"ix":7},"sk":{"a":0,"k":0,"ix":4},"sa":{"a":0,"k":0,"ix":5},"nm":"Transform"}],"nm":"Group 1","np":2,"cix":2,"ix":1,"mn":"ADBE Vector Group","hd":false}],"ip":0,"op":26,"st":0,"bm":0},{"ddd":0,"ind":4,"ty":4,"nm":"Layer 2","sr":1,"ks":{"o":{"a":0,"k":100,"ix":11},"r":{"a":0,"k":0,"ix":10},"p":{"a":0,"k":[10.817,25.979,0],"ix":2},"a":{"a":0,"k":[0,0,0],"ix":1},"s":{"a":0,"k":[100,100,100],"ix":6}},"ao":0,"shapes":[{"ty":"gr","it":[{"ind":0,"ty":"sh","ix":1,"ks":{"a":1,"k":[{"i":{"x":0.3,"y":1},"o":{"x":0.333,"y":0},"n":"0p3_1_0p333_0","t":0,"s":[{"i":[[0,0],[-1.048,1.316]],"o":[[-0.669,-2.81],[0,0]],"v":[[-0.646,2.955],[0.849,-2.955]],"c":false}],"e":[{"i":[[0,0],[-1.658,1.087]],"o":[[-0.77,-2.654],[0,0]],"v":[[-1.447,1.45],[0.541,-4.016]],"c":false}]},{"i":{"x":0.667,"y":1},"o":{"x":0.643,"y":0},"n":"0p667_1_0p643_0","t":13,"s":[{"i":[[0,0],[-1.658,1.087]],"o":[[-0.77,-2.654],[0,0]],"v":[[-1.447,1.45],[0.541,-4.016]],"c":false}],"e":[{"i":[[0,0],[-1.048,1.316]],"o":[[-0.669,-2.81],[0,0]],"v":[[-0.646,2.955],[0.849,-2.955]],"c":false}]},{"t":25}],"ix":2},"nm":"Path 1","mn":"ADBE Vector Shape - Group","hd":false},{"ty":"st","c":{"a":0,"k":[0.800000011921,0.454901963472,0,1],"ix":3},"o":{"a":0,"k":100,"ix":4},"w":{"a":0,"k":1,"ix":5},"lc":2,"lj":1,"ml":10,"ml2":{"a":0,"k":10,"ix":8},"nm":"Stroke 1","mn":"ADBE Vector Graphic - Stroke","hd":false},{"ty":"tr","p":{"a":0,"k":[0,0],"ix":2},"a":{"a":0,"k":[0,0],"ix":1},"s":{"a":0,"k":[100,100],"ix":3},"r":{"a":0,"k":0,"ix":6},"o":{"a":0,"k":100,"ix":7},"sk":{"a":0,"k":0,"ix":4},"sa":{"a":0,"k":0,"ix":5},"nm":"Transform"}],"nm":"Group 1","np":2,"cix":2,"ix":1,"mn":"ADBE Vector Group","hd":false}],"ip":0,"op":26,"st":0,"bm":0},{"ddd":0,"ind":5,"ty":4,"nm":"Layer 1","sr":1,"ks":{"o":{"a":0,"k":100,"ix":11},"r":{"a":0,"k":0,"ix":10},"p":{"a":0,"k":[18.394,18.118,0],"ix":2},"a":{"a":0,"k":[0,0,0],"ix":1},"s":{"a":0,"k":[100,100,100],"ix":6}},"ao":0,"shapes":[{"ty":"gr","it":[{"ind":0,"ty":"sh","ix":1,"ks":{"a":1,"k":[{"i":{"x":0.3,"y":1},"o":{"x":0.333,"y":0},"n":"0p3_1_0p333_0","t":0,"s":[{"i":[[2.364,5.621],[-0.446,2.498],[-0.714,1.784],[-3.301,1.606],[-0.803,-1.338],[-0.357,-0.892],[2.231,0.089],[1.338,-0.446],[1.16,0.268],[0.054,-1.963],[1.517,-1.874],[-1.695,-0.268],[-6.156,-0.062],[0,-4.104],[5.442,0]],"o":[[-0.919,-2.184],[0.446,-2.498],[0.714,-1.784],[3.301,-1.606],[0.803,1.338],[0.357,0.892],[0,0],[-1.338,0.446],[0,0],[-0.054,1.963],[0,0],[0,0],[6.156,0.062],[0,4.104],[-5.442,0]],"v":[[-15.471,11.418],[-14.936,2.853],[-11.992,-6.158],[-4.943,-14.367],[1.302,-15.348],[3.087,-12.225],[1.481,-9.192],[0.499,-7.14],[-4.497,-7.318],[-6.138,-4.196],[-6.728,4.905],[-2.98,4.28],[5.942,0.025],[15.845,7.671],[7.191,15.968]],"c":true}],"e":[{"i":[[1.742,5.844],[-1.196,2.238],[-1.23,1.477],[-3.671,-0.053],[-0.114,-1.557],[0.083,-0.957],[1.951,1.085],[1.396,0.205],[0.915,0.762],[0.384,-1.926],[3.774,-2.479],[-1.656,-0.45],[-6.264,-0.665],[0.444,-4.08],[5.442,-0.063]],"o":[[-0.677,-2.27],[1.196,-2.238],[1.23,-1.477],[3.671,0.053],[0.114,1.557],[-0.083,0.957],[0,0],[-1.396,-0.205],[0,0],[-0.357,1.792],[0,0],[0,0],[6.662,0.708],[-0.444,4.08],[-6.722,0.078]],"v":[[-16.208,9.228],[-13.516,-0.843],[-7.931,-8.504],[2.042,-13.845],[8.06,-11.908],[8.246,-8.316],[5.446,-6.331],[3.645,-4.942],[-0.735,-7.352],[-2.97,-4.828],[-6.811,3.699],[-2.13,3.066],[7.195,-0.878],[15.33,8.891],[5.829,16.204]],"c":true}]},{"i":{"x":0.667,"y":1},"o":{"x":0.643,"y":0},"n":"0p667_1_0p643_0","t":13,"s":[{"i":[[1.742,5.844],[-1.196,2.238],[-1.23,1.477],[-3.671,-0.053],[-0.114,-1.557],[0.083,-0.957],[1.951,1.085],[1.396,0.205],[0.915,0.762],[0.384,-1.926],[3.774,-2.479],[-1.656,-0.45],[-6.264,-0.665],[0.444,-4.08],[5.442,-0.063]],"o":[[-0.677,-2.27],[1.196,-2.238],[1.23,-1.477],[3.671,0.053],[0.114,1.557],[-0.083,0.957],[0,0],[-1.396,-0.205],[0,0],[-0.357,1.792],[0,0],[0,0],[6.662,0.708],[-0.444,4.08],[-6.722,0.078]],"v":[[-16.208,9.228],[-13.516,-0.843],[-7.931,-8.504],[2.042,-13.845],[8.06,-11.908],[8.246,-8.316],[5.446,-6.331],[3.645,-4.942],[-0.735,-7.352],[-2.97,-4.828],[-6.811,3.699],[-2.13,3.066],[7.195,-0.878],[15.33,8.891],[5.829,16.204]],"c":true}],"e":[{"i":[[2.364,5.621],[-0.446,2.498],[-0.714,1.784],[-3.301,1.606],[-0.803,-1.338],[-0.357,-0.892],[2.231,0.089],[1.338,-0.446],[1.16,0.268],[0.054,-1.963],[1.517,-1.874],[-1.695,-0.268],[-6.156,-0.062],[0,-4.104],[5.442,0]],"o":[[-0.919,-2.184],[0.446,-2.498],[0.714,-1.784],[3.301,-1.606],[0.803,1.338],[0.357,0.892],[0,0],[-1.338,0.446],[0,0],[-0.054,1.963],[0,0],[0,0],[6.156,0.062],[0,4.104],[-5.442,0]],"v":[[-15.471,11.418],[-14.936,2.853],[-11.992,-6.158],[-4.943,-14.367],[1.302,-15.348],[3.087,-12.225],[1.481,-9.192],[0.499,-7.14],[-4.497,-7.318],[-6.138,-4.196],[-6.728,4.905],[-2.98,4.28],[5.942,0.025],[15.845,7.671],[7.191,15.968]],"c":true}]},{"t":25}],"ix":2},"nm":"Path 1","mn":"ADBE Vector Shape - Group","hd":false},{"ty":"st","c":{"a":0,"k":[0.800000011921,0.454901963472,0,1],"ix":3},"o":{"a":0,"k":100,"ix":4},"w":{"a":0,"k":1,"ix":5},"lc":1,"lj":2,"nm":"Stroke 1","mn":"ADBE Vector Graphic - Stroke","hd":false},{"ty":"gf","o":{"a":0,"k":100,"ix":10},"r":1,"g":{"p":3,"k":{"a":0,"k":[0,1,0.788,0,0.739,0.986,0.716,0,1,0.973,0.643,0],"ix":9}},"s":{"a":0,"k":[-0.394,-16.118],"ix":5},"e":{"a":0,"k":[-0.394,15.982],"ix":6},"t":1,"nm":"Gradient Fill 1","mn":"ADBE Vector Graphic - G-Fill","hd":false},{"ty":"tr","p":{"a":0,"k":[0,0],"ix":2},"a":{"a":0,"k":[0,0],"ix":1},"s":{"a":0,"k":[100,100],"ix":3},"r":{"a":0,"k":0,"ix":6},"o":{"a":0,"k":100,"ix":7},"sk":{"a":0,"k":0,"ix":4},"sa":{"a":0,"k":0,"ix":5},"nm":"Transform"}],"nm":"Group 1","np":3,"cix":2,"ix":1,"mn":"ADBE Vector Group","hd":false}],"ip":0,"op":26,"st":0,"bm":0}],"markers":[{"tm":15,"cm":"1","dr":0},{"tm":26,"cm":"2","dr":0},{"tm":37,"cm":"3","dr":0}]}