{"v":"5.3.4","fr":25,"ip":0,"op":107,"w":1000,"h":1000,"nm":"MENUNAV","ddd":0,"assets":[{"id":"comp_0","layers":[{"ddd":0,"ind":1,"ty":4,"nm":"Group 4","parent":3,"sr":1,"ks":{"o":{"a":0,"k":100,"ix":11},"r":{"a":0,"k":0,"ix":10},"p":{"a":1,"k":[{"i":{"x":0,"y":1},"o":{"x":0.333,"y":0},"n":"0_1_0p333_0","t":88,"s":[0,-0.777,0],"e":[0,175.223,0],"to":[0,0,0],"ti":[0,0,0]},{"t":106}],"ix":2},"a":{"a":0,"k":[0,-176.777,0],"ix":1},"s":{"a":0,"k":[100,100,100],"ix":6}},"ao":0,"shapes":[{"ty":"gr","it":[{"ind":0,"ty":"sh","ix":1,"ks":{"a":0,"k":{"i":[[16.568,0],[0,0],[0,16.568],[-16.568,0],[0,0],[0,-16.568]],"o":[[0,0],[-16.568,0],[0,-16.568],[0,0],[16.568,0],[0,16.568]],"v":[[176.776,-146.777],[-176.777,-146.777],[-206.777,-176.777],[-176.777,-206.777],[176.776,-206.777],[206.776,-176.777]],"c":true},"ix":2},"nm":"Path 1","mn":"ADBE Vector Shape - Group","hd":false},{"ty":"st","c":{"a":0,"k":[0.118,0.106,0.106,1],"ix":3},"o":{"a":0,"k":100,"ix":4},"w":{"a":0,"k":20,"ix":5},"lc":1,"lj":1,"ml":10,"ml2":{"a":0,"k":10,"ix":8},"nm":"Stroke 1","mn":"ADBE Vector Graphic - Stroke","hd":false},{"ty":"fl","c":{"a":0,"k":[0.118,0.106,0.106,1],"ix":4},"o":{"a":0,"k":100,"ix":5},"r":1,"nm":"Fill 1","mn":"ADBE Vector Graphic - Fill","hd":false},{"ty":"tr","p":{"a":0,"k":[0,0],"ix":2},"a":{"a":0,"k":[0,0],"ix":1},"s":{"a":0,"k":[100,100],"ix":3},"r":{"a":0,"k":0,"ix":6},"o":{"a":0,"k":100,"ix":7},"sk":{"a":0,"k":0,"ix":4},"sa":{"a":0,"k":0,"ix":5},"nm":"Transform"}],"nm":"Group 1","np":3,"cix":2,"ix":1,"mn":"ADBE Vector Group","hd":false}],"ip":88,"op":107,"st":0,"bm":0},{"ddd":0,"ind":2,"ty":4,"nm":"Group 3","parent":3,"sr":1,"ks":{"o":{"a":0,"k":100,"ix":11},"r":{"a":0,"k":0,"ix":10},"p":{"a":1,"k":[{"i":{"x":0,"y":1},"o":{"x":0.333,"y":0},"n":"0_1_0p333_0","t":0,"s":[0,-176.777,0],"e":[0,-0.777,0],"to":[0,0,0],"ti":[0,0,0]},{"t":13}],"ix":2},"a":{"a":0,"k":[0,-176.777,0],"ix":1},"s":{"a":0,"k":[100,100,100],"ix":6}},"ao":0,"shapes":[{"ty":"gr","it":[{"ind":0,"ty":"sh","ix":1,"ks":{"a":0,"k":{"i":[[16.568,0],[0,0],[0,16.568],[-16.568,0],[0,0],[0,-16.568]],"o":[[0,0],[-16.568,0],[0,-16.568],[0,0],[16.568,0],[0,16.568]],"v":[[176.776,-146.777],[-176.777,-146.777],[-206.777,-176.777],[-176.777,-206.777],[176.776,-206.777],[206.776,-176.777]],"c":true},"ix":2},"nm":"Path 1","mn":"ADBE Vector Shape - Group","hd":false},{"ty":"st","c":{"a":0,"k":[0.118,0.106,0.106,1],"ix":3},"o":{"a":0,"k":100,"ix":4},"w":{"a":0,"k":20,"ix":5},"lc":1,"lj":1,"ml":10,"ml2":{"a":0,"k":10,"ix":8},"nm":"Stroke 1","mn":"ADBE Vector Graphic - Stroke","hd":false},{"ty":"fl","c":{"a":0,"k":[0.118,0.106,0.106,1],"ix":4},"o":{"a":0,"k":100,"ix":5},"r":1,"nm":"Fill 1","mn":"ADBE Vector Graphic - Fill","hd":false},{"ty":"tr","p":{"a":0,"k":[0,0],"ix":2},"a":{"a":0,"k":[0,0],"ix":1},"s":{"a":0,"k":[100,100],"ix":3},"r":{"a":0,"k":0,"ix":6},"o":{"a":0,"k":100,"ix":7},"sk":{"a":0,"k":0,"ix":4},"sa":{"a":0,"k":0,"ix":5},"nm":"Transform"}],"nm":"Group 1","np":3,"cix":2,"ix":1,"mn":"ADBE Vector Group","hd":false}],"ip":0,"op":13,"st":0,"bm":0},{"ddd":0,"ind":3,"ty":4,"nm":"Group 1","sr":1,"ks":{"o":{"a":0,"k":100,"ix":11},"r":{"a":1,"k":[{"i":{"x":[0.111],"y":[1]},"o":{"x":[0.333],"y":[0]},"n":["0p111_1_0p333_0"],"t":12,"s":[0],"e":[230]},{"i":{"x":[0],"y":[1]},"o":{"x":[0.227],"y":[0]},"n":["0_1_0p227_0"],"t":23,"s":[230],"e":[225]},{"i":{"x":[0.407],"y":[1]},"o":{"x":[0.333],"y":[0]},"n":["0p407_1_0p333_0"],"t":38,"s":[225],"e":[225]},{"i":{"x":[0.027],"y":[1]},"o":{"x":[0.333],"y":[0]},"n":["0p027_1_0p333_0"],"t":75,"s":[225],"e":[180]},{"t":90}],"ix":10},"p":{"a":0,"k":[500,500,0],"ix":2},"a":{"a":0,"k":[0,0,0],"ix":1},"s":{"a":0,"k":[100,100,100],"ix":6}},"ao":0,"shapes":[{"ty":"gr","it":[{"ind":0,"ty":"sh","ix":1,"ks":{"a":1,"k":[{"i":{"x":0.667,"y":1},"o":{"x":0.333,"y":0},"n":"0p667_1_0p333_0","t":12,"s":[{"i":[[16.568,0],[0,0],[0,16.569],[-16.568,0],[0,0],[0,-16.568]],"o":[[0,0],[-16.568,0],[0,-16.568],[0,0],[16.568,0],[0,16.569]],"v":[[176.776,29.223],[-176.777,29.223],[-206.777,-0.777],[-176.777,-30.777],[176.776,-30.777],[206.776,-0.777]],"c":true}],"e":[{"i":[[16.568,0],[0,0],[0,16.569],[-16.568,0],[0,0],[0,-16.568]],"o":[[0,0],[-16.568,0],[0,-16.568],[0,0],[16.568,0],[0,16.569]],"v":[[250.776,31.266],[-250.529,29.997],[-280.529,-0.003],[-250.529,-30.003],[250.776,-28.733],[280.775,1.267]],"c":true}]},{"i":{"x":0.667,"y":1},"o":{"x":0.333,"y":0},"n":"0p667_1_0p333_0","t":23,"s":[{"i":[[16.568,0],[0,0],[0,16.569],[-16.568,0],[0,0],[0,-16.568]],"o":[[0,0],[-16.568,0],[0,-16.568],[0,0],[16.568,0],[0,16.569]],"v":[[250.776,31.266],[-250.529,29.997],[-280.529,-0.003],[-250.529,-30.003],[250.776,-28.733],[280.775,1.267]],"c":true}],"e":[{"i":[[16.568,0],[0,0],[0,16.569],[-16.568,0],[0,0],[0,-16.568]],"o":[[0,0],[-16.568,0],[0,-16.568],[0,0],[16.568,0],[0,16.569]],"v":[[250.776,31.266],[-250.529,29.997],[-280.529,-0.003],[-250.529,-30.003],[250.776,-28.733],[280.775,1.267]],"c":true}]},{"i":{"x":0.667,"y":1},"o":{"x":0.333,"y":0},"n":"0p667_1_0p333_0","t":75,"s":[{"i":[[16.568,0],[0,0],[0,16.569],[-16.568,0],[0,0],[0,-16.568]],"o":[[0,0],[-16.568,0],[0,-16.568],[0,0],[16.568,0],[0,16.569]],"v":[[250.776,31.266],[-250.529,29.997],[-280.529,-0.003],[-250.529,-30.003],[250.776,-28.733],[280.775,1.267]],"c":true}],"e":[{"i":[[16.568,0],[0,0],[0,16.569],[-16.568,0],[0,0],[0,-16.568]],"o":[[0,0],[-16.568,0],[0,-16.568],[0,0],[16.568,0],[0,16.569]],"v":[[176.776,29.223],[-176.777,29.223],[-206.777,-0.777],[-176.777,-30.777],[176.776,-30.777],[206.776,-0.777]],"c":true}]},{"t":90}],"ix":2},"nm":"Path 1","mn":"ADBE Vector Shape - Group","hd":false},{"ty":"st","c":{"a":0,"k":[0.118,0.106,0.106,1],"ix":3},"o":{"a":0,"k":100,"ix":4},"w":{"a":0,"k":20,"ix":5},"lc":1,"lj":1,"ml":10,"ml2":{"a":0,"k":10,"ix":8},"nm":"Stroke 1","mn":"ADBE Vector Graphic - Stroke","hd":false},{"ty":"fl","c":{"a":0,"k":[0.118,0.106,0.106,1],"ix":4},"o":{"a":0,"k":100,"ix":5},"r":1,"nm":"Fill 1","mn":"ADBE Vector Graphic - Fill","hd":false},{"ty":"tr","p":{"a":0,"k":[0,0],"ix":2},"a":{"a":0,"k":[0,0],"ix":1},"s":{"a":0,"k":[100,100],"ix":3},"r":{"a":0,"k":0,"ix":6},"o":{"a":0,"k":100,"ix":7},"sk":{"a":0,"k":0,"ix":4},"sa":{"a":0,"k":0,"ix":5},"nm":"Transform"}],"nm":"Group 1","np":3,"cix":2,"ix":1,"mn":"ADBE Vector Group","hd":false}],"ip":0,"op":107,"st":0,"bm":0},{"ddd":0,"ind":4,"ty":4,"nm":"Group 2","sr":1,"ks":{"o":{"a":0,"k":100,"ix":11},"r":{"a":1,"k":[{"i":{"x":[0.111],"y":[1]},"o":{"x":[0.333],"y":[0]},"n":["0p111_1_0p333_0"],"t":10,"s":[0],"e":[140]},{"i":{"x":[0],"y":[1]},"o":{"x":[0.225],"y":[0]},"n":["0_1_0p225_0"],"t":21,"s":[140],"e":[135]},{"i":{"x":[0.421],"y":[1]},"o":{"x":[0.333],"y":[0]},"n":["0p421_1_0p333_0"],"t":36,"s":[135],"e":[135]},{"i":{"x":[0.027],"y":[1]},"o":{"x":[0.333],"y":[0]},"n":["0p027_1_0p333_0"],"t":75,"s":[135],"e":[180]},{"t":90}],"ix":10},"p":{"a":1,"k":[{"i":{"x":0,"y":1},"o":{"x":0.333,"y":0},"n":"0_1_0p333_0","t":0,"s":[500,677.224,0],"e":[500,499.223,0],"to":[0,0,0],"ti":[0,0,0]},{"i":{"x":0.476,"y":0.476},"o":{"x":0.333,"y":0.333},"n":"0p476_0p476_0p333_0p333","t":13,"s":[500,499.223,0],"e":[500,499.223,0],"to":[0,0,0],"ti":[0,0,0]},{"i":{"x":0,"y":1},"o":{"x":0.333,"y":0},"n":"0_1_0p333_0","t":88,"s":[500,499.223,0],"e":[500,677.224,0],"to":[0,0,0],"ti":[0,0,0]},{"t":106}],"ix":2},"a":{"a":0,"k":[0,177.224,0],"ix":1},"s":{"a":0,"k":[100,100,100],"ix":6}},"ao":0,"shapes":[{"ty":"gr","it":[{"ind":0,"ty":"sh","ix":1,"ks":{"a":1,"k":[{"i":{"x":0.667,"y":1},"o":{"x":0.333,"y":0},"n":"0p667_1_0p333_0","t":10,"s":[{"i":[[16.568,0],[0,0],[0,16.568],[-16.568,0],[0,0],[0,-16.568]],"o":[[0,0],[-16.568,0],[0,-16.568],[0,0],[16.568,0],[0,16.568]],"v":[[176.776,207.224],[-176.777,207.224],[-206.777,177.224],[-176.777,147.224],[176.776,147.224],[206.776,177.224]],"c":true}],"e":[{"i":[[16.568,0],[0,0],[0,16.568],[-16.568,0],[0,0],[0,-16.568]],"o":[[0,0],[-16.568,0],[0,-16.568],[0,0],[16.568,0],[0,16.568]],"v":[[253.347,206.203],[-252.061,206.712],[-282.061,176.712],[-252.061,146.712],[253.347,146.203],[283.347,176.203]],"c":true}]},{"i":{"x":0.667,"y":1},"o":{"x":0.333,"y":0},"n":"0p667_1_0p333_0","t":21,"s":[{"i":[[16.568,0],[0,0],[0,16.568],[-16.568,0],[0,0],[0,-16.568]],"o":[[0,0],[-16.568,0],[0,-16.568],[0,0],[16.568,0],[0,16.568]],"v":[[253.347,206.203],[-252.061,206.712],[-282.061,176.712],[-252.061,146.712],[253.347,146.203],[283.347,176.203]],"c":true}],"e":[{"i":[[16.568,0],[0,0],[0,16.568],[-16.568,0],[0,0],[0,-16.568]],"o":[[0,0],[-16.568,0],[0,-16.568],[0,0],[16.568,0],[0,16.568]],"v":[[253.347,206.203],[-252.061,206.712],[-282.061,176.712],[-252.061,146.712],[253.347,146.203],[283.347,176.203]],"c":true}]},{"i":{"x":0.667,"y":1},"o":{"x":0.333,"y":0},"n":"0p667_1_0p333_0","t":75,"s":[{"i":[[16.568,0],[0,0],[0,16.568],[-16.568,0],[0,0],[0,-16.568]],"o":[[0,0],[-16.568,0],[0,-16.568],[0,0],[16.568,0],[0,16.568]],"v":[[253.347,206.203],[-252.061,206.712],[-282.061,176.712],[-252.061,146.712],[253.347,146.203],[283.347,176.203]],"c":true}],"e":[{"i":[[16.568,0],[0,0],[0,16.568],[-16.568,0],[0,0],[0,-16.568]],"o":[[0,0],[-16.568,0],[0,-16.568],[0,0],[16.568,0],[0,16.568]],"v":[[176.776,207.224],[-176.777,207.224],[-206.777,177.224],[-176.777,147.224],[176.776,147.224],[206.776,177.224]],"c":true}]},{"t":90}],"ix":2},"nm":"Path 1","mn":"ADBE Vector Shape - Group","hd":false},{"ty":"st","c":{"a":0,"k":[0.118,0.106,0.106,1],"ix":3},"o":{"a":0,"k":100,"ix":4},"w":{"a":0,"k":20,"ix":5},"lc":1,"lj":1,"ml":10,"ml2":{"a":0,"k":10,"ix":8},"nm":"Stroke 1","mn":"ADBE Vector Graphic - Stroke","hd":false},{"ty":"fl","c":{"a":0,"k":[0.118,0.106,0.106,1],"ix":4},"o":{"a":0,"k":100,"ix":5},"r":1,"nm":"Fill 1","mn":"ADBE Vector Graphic - Fill","hd":false},{"ty":"tr","p":{"a":0,"k":[0,0],"ix":2},"a":{"a":0,"k":[0,0],"ix":1},"s":{"a":0,"k":[100,100],"ix":3},"r":{"a":0,"k":0,"ix":6},"o":{"a":0,"k":100,"ix":7},"sk":{"a":0,"k":0,"ix":4},"sa":{"a":0,"k":0,"ix":5},"nm":"Transform"}],"nm":"Group 1","np":3,"cix":2,"ix":1,"mn":"ADBE Vector Group","hd":false}],"ip":0,"op":107,"st":0,"bm":0}]}],"layers":[{"ddd":0,"ind":1,"ty":0,"nm":"Pre-comp Menu","td":1,"refId":"comp_0","sr":1,"ks":{"o":{"a":0,"k":100,"ix":11},"r":{"a":0,"k":0,"ix":10},"p":{"a":0,"k":[500,500,0],"ix":2},"a":{"a":0,"k":[500,500,0],"ix":1},"s":{"a":0,"k":[100,100,100],"ix":6}},"ao":0,"w":1000,"h":1000,"ip":0,"op":107,"st":0,"bm":0},{"ddd":0,"ind":2,"ty":4,"nm":"Слой 22","tt":2,"sr":1,"ks":{"o":{"a":0,"k":100,"ix":11},"r":{"a":0,"k":0,"ix":10},"p":{"a":0,"k":[500,500,0],"ix":2},"a":{"a":0,"k":[0,0,0],"ix":1},"s":{"a":0,"k":[100,100,100],"ix":6}},"ao":0,"shapes":[{"ty":"gr","it":[{"ind":0,"ty":"sh","ix":1,"ks":{"a":0,"k":{"i":[[0,-272],[272,0],[0,272],[-272,0]],"o":[[0,272],[-272,0],[0,-272],[272,0]],"v":[[492.5,0],[0,492.5],[-492.5,0],[0,-492.5]],"c":true},"ix":2},"nm":"Path 1","mn":"ADBE Vector Shape - Group","hd":false},{"ty":"st","c":{"a":0,"k":[0.118,0.106,0.106,1],"ix":3},"o":{"a":0,"k":100,"ix":4},"w":{"a":0,"k":10,"ix":5},"lc":1,"lj":1,"ml":10,"ml2":{"a":0,"k":10,"ix":8},"nm":"Stroke 1","mn":"ADBE Vector Graphic - Stroke","hd":false},{"ty":"fl","c":{"a":0,"k":[0.118,0.106,0.106,1],"ix":4},"o":{"a":0,"k":100,"ix":5},"r":1,"nm":"Fill 1","mn":"ADBE Vector Graphic - Fill","hd":false},{"ty":"tr","p":{"a":0,"k":[0,0],"ix":2},"a":{"a":0,"k":[0,0],"ix":1},"s":{"a":0,"k":[100,100],"ix":3},"r":{"a":0,"k":0,"ix":6},"o":{"a":0,"k":100,"ix":7},"sk":{"a":0,"k":0,"ix":4},"sa":{"a":0,"k":0,"ix":5},"nm":"Transform"}],"nm":"Group 1","np":3,"cix":2,"ix":1,"mn":"ADBE Vector Group","hd":false}],"ip":0,"op":107,"st":0,"bm":0}],"markers":[]}