{"v":"5.6.6","fr":30.3030242919922,"ip":0,"op":121.000096998022,"w":146,"h":176,"nm":"720-0","ddd":0,"assets":[],"layers":[{"ddd":0,"ind":1,"ty":4,"nm":"hand Outlines","sr":1,"ks":{"o":{"a":0,"k":100,"ix":11},"r":{"a":0,"k":0,"ix":10},"p":{"a":0,"k":[81.5,122.5,0],"ix":2},"a":{"a":0,"k":[40,52.5,0],"ix":1},"s":{"a":1,"k":[{"i":{"x":[0.667,0.667,0.667],"y":[1,1,1]},"o":{"x":[0.333,0.333,0.333],"y":[0,0,0]},"t":0,"s":[100,100,100]},{"i":{"x":[0.667,0.667,0.667],"y":[1,1,1]},"o":{"x":[0.333,0.333,0.333],"y":[0,0,0]},"t":45,"s":[90,90,100]},{"t":91.0000729489255,"s":[100,100,100]}],"ix":6}},"ao":0,"shapes":[{"ty":"gr","it":[{"ind":0,"ty":"sh","ix":1,"ks":{"a":0,"k":{"i":[[4.232,0],[0.001,-7.838],[0.11,-0.129],[0,0],[4.231,0],[1.149,-3.163],[0,-2.588],[0.15,-0.176],[0,0],[4.232,0],[1.15,-3.737],[-0.288,-3.738],[0.146,-0.153],[0,0],[4.23,0],[0,-4.233],[-0.197,-1.426],[0,0],[0.3,-0.204],[0,0],[0.375,0.741],[3.925,4.554],[3.21,-2.762],[-2.761,-3.207],[-4.329,-9.891],[-1.233,-14.288],[0,0],[0,0],[-1.082,3.368],[0,12.362],[0,0],[0,0.098],[0,0]],"o":[[-1.887,0],[0,0.99],[0,0],[0,-4.037],[-1.765,0],[-0.119,0.326],[0,1.496],[0,0],[0,-4.034],[-1.535,0],[-0.129,0.421],[0.122,1.592],[0,0],[0,-4.233],[-4.231,0],[0,0],[0.197,1.425],[0,0],[-0.299,0.204],[-0.362,-0.752],[-3.577,-7.076],[-2.764,-3.202],[-3.205,2.764],[4.623,5.36],[6.826,19.761],[0.592,3.454],[0,0],[0,0],[2.139,-8.025],[0,0],[0.004,-0.092],[0,0],[0,-4.037]],"v":[[31.746,-15.224],[27.024,-7.277],[25.821,-7.372],[25.821,-13.345],[18.157,-20.655],[13.119,-17.148],[13.119,-11.111],[11.969,-11.111],[12.227,-19.964],[4.564,-27.271],[0.18,-23.474],[0.468,-15.135],[-1.211,-15.135],[-1.211,-44.215],[-8.71,-51.879],[-16.003,-44.215],[-16.003,-2.969],[-14.483,1.54],[-14.772,2.404],[-15.347,2.116],[-17.108,-2.656],[-25.037,-15.688],[-35.847,-16.491],[-36.649,-5.681],[-27.663,18.472],[-11.034,48.221],[-6.693,51.879],[24.318,51.879],[28.817,48.511],[39.381,12.475],[39.381,10.557],[39.41,3.809],[39.41,-7.913]],"c":true},"ix":2},"nm":"Path 1","mn":"ADBE Vector Shape - Group","hd":false},{"ty":"fl","c":{"a":0,"k":[0.948999980852,0.948999980852,0.948999980852,1],"ix":4},"o":{"a":0,"k":100,"ix":5},"r":1,"bm":0,"nm":"Fill 1","mn":"ADBE Vector Graphic - Fill","hd":false},{"ty":"tr","p":{"a":0,"k":[39.66,52.13],"ix":2},"a":{"a":0,"k":[0,0],"ix":1},"s":{"a":0,"k":[100,100],"ix":3},"r":{"a":0,"k":0,"ix":6},"o":{"a":0,"k":100,"ix":7},"sk":{"a":0,"k":0,"ix":4},"sa":{"a":0,"k":0,"ix":5},"nm":"Transform"}],"nm":"Group 1","np":2,"cix":2,"bm":0,"ix":1,"mn":"ADBE Vector Group","hd":false}],"ip":0,"op":121.000096998022,"st":0,"bm":0},{"ddd":0,"ind":2,"ty":4,"nm":"big circle","sr":1,"ks":{"o":{"a":0,"k":100,"ix":11},"r":{"a":0,"k":0,"ix":10},"p":{"a":0,"k":[11.46,119.549,0],"ix":2},"a":{"a":0,"k":[0,0,0],"ix":1},"s":{"a":0,"k":[56,56,100],"ix":6}},"ao":0,"shapes":[{"ty":"gr","it":[{"d":1,"ty":"el","s":{"a":0,"k":[234,234],"ix":2},"p":{"a":0,"k":[0,0],"ix":3},"nm":"Ellipse Path 1","mn":"ADBE Vector Shape - Ellipse","hd":false},{"ty":"st","c":{"a":0,"k":[1,1,1,1],"ix":3},"o":{"a":0,"k":100,"ix":4},"w":{"a":1,"k":[{"i":{"x":[0.667],"y":[1]},"o":{"x":[0.333],"y":[0]},"t":0,"s":[0]},{"i":{"x":[0.667],"y":[1]},"o":{"x":[0.333],"y":[0]},"t":45,"s":[3]},{"t":91.0000729489255,"s":[0]}],"ix":5},"lc":1,"lj":1,"ml":4,"bm":0,"nm":"Stroke 1","mn":"ADBE Vector Graphic - Stroke","hd":false},{"ty":"fl","c":{"a":0,"k":[1,1,1,1],"ix":4},"o":{"a":1,"k":[{"i":{"x":[0.551],"y":[1]},"o":{"x":[0.444],"y":[0]},"t":0,"s":[0]},{"i":{"x":[0.663],"y":[1]},"o":{"x":[0.44],"y":[0]},"t":45,"s":[10]},{"t":91.0000729489255,"s":[0]}],"ix":5},"r":1,"bm":0,"nm":"Fill 1","mn":"ADBE Vector Graphic - Fill","hd":false},{"ty":"tr","p":{"a":0,"k":[109,-83],"ix":2},"a":{"a":0,"k":[0,0],"ix":1},"s":{"a":1,"k":[{"i":{"x":[0.474,0.474],"y":[1,1]},"o":{"x":[0.373,0.373],"y":[0,0]},"t":0,"s":[0,0]},{"i":{"x":[0.743,0.743],"y":[1,1]},"o":{"x":[0.515,0.515],"y":[0,0]},"t":45,"s":[100,100]},{"i":{"x":[0.833,0.833],"y":[1,1]},"o":{"x":[0.126,0.126],"y":[0,0]},"t":91,"s":[0,0]},{"t":185.000148302761,"s":[0,0]}],"ix":3},"r":{"a":0,"k":0,"ix":6},"o":{"a":1,"k":[{"i":{"x":[0.547],"y":[1]},"o":{"x":[0.459],"y":[0]},"t":45,"s":[100]},{"t":91.0000729489255,"s":[0]}],"ix":7},"sk":{"a":0,"k":0,"ix":4},"sa":{"a":0,"k":0,"ix":5},"nm":"Transform"}],"nm":"Ellipse 1","np":3,"cix":2,"bm":0,"ix":1,"mn":"ADBE Vector Group","hd":false}],"ip":0,"op":91.0000729489255,"st":-9.00000721472889,"bm":0},{"ddd":0,"ind":3,"ty":4,"nm":"small circle","sr":1,"ks":{"o":{"a":0,"k":100,"ix":11},"r":{"a":0,"k":0,"ix":10},"p":{"a":0,"k":[36.54,100.451,0],"ix":2},"a":{"a":0,"k":[0,0,0],"ix":1},"s":{"a":0,"k":[32.991,32.991,100],"ix":6}},"ao":0,"shapes":[{"ty":"gr","it":[{"d":1,"ty":"el","s":{"a":0,"k":[234,234],"ix":2},"p":{"a":0,"k":[0,0],"ix":3},"nm":"Ellipse Path 1","mn":"ADBE Vector Shape - Ellipse","hd":false},{"ty":"st","c":{"a":0,"k":[1,1,1,1],"ix":3},"o":{"a":0,"k":100,"ix":4},"w":{"a":0,"k":2,"ix":5},"lc":1,"lj":1,"ml":4,"bm":0,"nm":"Stroke 1","mn":"ADBE Vector Graphic - Stroke","hd":false},{"ty":"fl","c":{"a":0,"k":[1,1,1,1],"ix":4},"o":{"a":1,"k":[{"i":{"x":[0.667],"y":[1]},"o":{"x":[0.333],"y":[0]},"t":70,"s":[0]},{"t":77.0000617260139,"s":[5]}],"ix":5},"r":1,"bm":0,"nm":"Fill 1","mn":"ADBE Vector Graphic - Fill","hd":false},{"ty":"tr","p":{"a":0,"k":[109,-83],"ix":2},"a":{"a":0,"k":[0,0],"ix":1},"s":{"a":1,"k":[{"i":{"x":[0.474,0.474],"y":[1,1]},"o":{"x":[0.373,0.373],"y":[0,0]},"t":30,"s":[0,0]},{"i":{"x":[0.743,0.743],"y":[1,1]},"o":{"x":[0.515,0.515],"y":[0,0]},"t":75,"s":[100,100]},{"i":{"x":[0.833,0.833],"y":[1,1]},"o":{"x":[0.126,0.126],"y":[0,0]},"t":121,"s":[0,0]},{"t":215.000172351857,"s":[0,0]}],"ix":3},"r":{"a":0,"k":0,"ix":6},"o":{"a":1,"k":[{"i":{"x":[0.547],"y":[1]},"o":{"x":[0.459],"y":[0]},"t":75,"s":[100]},{"t":121.000096998022,"s":[0]}],"ix":7},"sk":{"a":0,"k":0,"ix":4},"sa":{"a":0,"k":0,"ix":5},"nm":"Transform"}],"nm":"Ellipse 1","np":3,"cix":2,"bm":0,"ix":1,"mn":"ADBE Vector Group","hd":false}],"ip":30.0000240490963,"op":121.000096998022,"st":21.0000168343674,"bm":0}],"markers":[]}