{"v":"5.7.4","fr":30,"ip":0,"op":40,"w":58,"h":58,"nm":"Comp 2","ddd":0,"assets":[],"layers":[{"ddd":0,"ind":1,"ty":4,"nm":"red","sr":1,"ks":{"o":{"a":0,"k":100,"ix":11},"r":{"a":0,"k":0,"ix":10},"p":{"a":0,"k":[28.471,29.875,0],"ix":2,"l":2},"a":{"a":0,"k":[15.179,18.175,0],"ix":1,"l":2},"s":{"a":0,"k":[100,100,100],"ix":6,"l":2}},"ao":0,"shapes":[{"ty":"gr","it":[{"ind":0,"ty":"sh","ix":1,"ks":{"a":1,"k":[{"i":{"x":0.667,"y":1},"o":{"x":0.333,"y":0},"t":14,"s":[{"i":[[-0.007,3.508],[-6.502,0],[0,-6.469],[2.138,-3.233],[1.307,-1.416],[0,0],[0.933,0.979],[0,0],[2.17,3.281]],"o":[[0.001,-6.482],[6.503,0],[0,3.489],[-2.169,3.282],[0,0],[-0.932,1.004],[0,0],[-1.316,-1.411],[-2.14,-3.232]],"v":[[-11.797,-3.712],[0.003,-15.424],[11.804,-3.712],[7.698,6.895],[1.731,14.417],[1.729,14.42],[-1.713,14.43],[-1.721,14.422],[-7.7,6.913]],"c":true}]},{"t":36,"s":[{"i":[[-0.001,3.752],[-10.735,0],[0,-6.919],[3.529,-3.459],[2.158,-1.514],[0,0],[1.54,1.047],[0,0],[3.585,3.507]],"o":[[0.002,-6.933],[10.736,0],[0,3.732],[-3.581,3.51],[0,0],[-1.539,1.074],[0,0],[-2.173,-1.509],[-3.533,-3.457]],"v":[[-17.968,-2.898],[1.513,-15.424],[20.996,-2.897],[14.217,8.447],[4.366,16.493],[4.363,16.495],[-1.32,16.507],[-1.333,16.497],[-11.204,8.467]],"c":true}]}],"ix":2},"nm":"Path 1","mn":"ADBE Vector Shape - Group","hd":false},{"ty":"st","c":{"a":0,"k":[1,1,1,1],"ix":3},"o":{"a":0,"k":100,"ix":4},"w":{"a":0,"k":1,"ix":5},"lc":2,"lj":2,"bm":0,"nm":"Stroke 1","mn":"ADBE Vector Graphic - Stroke","hd":false},{"ty":"fl","c":{"a":0,"k":[0.922000002394,0.340999977261,0.340999977261,1],"ix":4},"o":{"a":0,"k":100,"ix":5},"r":1,"bm":0,"nm":"Fill 1","mn":"ADBE Vector Graphic - Fill","hd":false},{"ty":"tr","p":{"a":0,"k":[14.352,17.997],"ix":2},"a":{"a":0,"k":[0,0],"ix":1},"s":{"a":1,"k":[{"i":{"x":[0.667,0.667],"y":[1,1]},"o":{"x":[0.333,0.333],"y":[0,0]},"t":14,"s":[100,100]},{"t":36,"s":[108.606,130.384]}],"ix":3},"r":{"a":0,"k":0,"ix":6},"o":{"a":1,"k":[{"i":{"x":[0.667],"y":[1]},"o":{"x":[0.333],"y":[0]},"t":14,"s":[100]},{"t":36,"s":[0]}],"ix":7},"sk":{"a":0,"k":0,"ix":4},"sa":{"a":0,"k":0,"ix":5},"nm":"Transform"}],"nm":"Red HL","np":3,"cix":2,"bm":0,"ix":1,"mn":"ADBE Vector Group","hd":false},{"ty":"gr","it":[{"ind":0,"ty":"sh","ix":1,"ks":{"a":0,"k":{"i":[[-0.007,3.508],[-6.502,0],[0,-6.469],[2.138,-3.233],[1.307,-1.416],[0,0],[0.933,0.979],[0,0],[2.17,3.281]],"o":[[0.001,-6.482],[6.503,0],[0,3.489],[-2.169,3.282],[0,0],[-0.932,1.004],[0,0],[-1.316,-1.411],[-2.14,-3.232]],"v":[[-11.797,-3.712],[0.003,-15.424],[11.804,-3.712],[7.698,6.895],[1.731,14.417],[1.729,14.42],[-1.713,14.43],[-1.721,14.422],[-7.7,6.913]],"c":true},"ix":2},"nm":"Path 1","mn":"ADBE Vector Shape - Group","hd":false},{"ty":"st","c":{"a":0,"k":[1,1,1,1],"ix":3},"o":{"a":0,"k":100,"ix":4},"w":{"a":0,"k":1,"ix":5},"lc":2,"lj":2,"bm":0,"nm":"Stroke 1","mn":"ADBE Vector Graphic - Stroke","hd":false},{"ty":"fl","c":{"a":0,"k":[0.922000002394,0.340999977261,0.340999977261,1],"ix":4},"o":{"a":0,"k":100,"ix":5},"r":1,"bm":0,"nm":"Fill 1","mn":"ADBE Vector Graphic - Fill","hd":false},{"ty":"tr","p":{"a":0,"k":[14.304,17.924],"ix":2},"a":{"a":0,"k":[0,0],"ix":1},"s":{"a":0,"k":[100,100],"ix":3},"r":{"a":0,"k":0,"ix":6},"o":{"a":0,"k":100,"ix":7},"sk":{"a":0,"k":0,"ix":4},"sa":{"a":0,"k":0,"ix":5},"nm":"Transform"}],"nm":"Group 1","np":3,"cix":2,"bm":0,"ix":2,"mn":"ADBE Vector Group","hd":false},{"ty":"gr","it":[{"ind":0,"ty":"sh","ix":1,"ks":{"a":0,"k":{"i":[[-0.007,3.508],[-6.502,0],[0,-6.469],[2.138,-3.234],[1.307,-1.416],[0,0],[0.933,0.978],[0,0],[2.17,3.28]],"o":[[0.001,-6.482],[6.503,0],[0,3.489],[-2.169,3.283],[0,0],[-0.932,1.004],[0,0],[-1.316,-1.412],[-2.14,-3.231]],"v":[[-11.797,-3.714],[0.003,-15.423],[11.804,-3.712],[7.698,6.894],[1.731,14.417],[1.729,14.419],[-1.713,14.43],[-1.721,14.421],[-7.7,6.913]],"c":true},"ix":2},"nm":"Path 1","mn":"ADBE Vector Shape - Group","hd":false},{"ty":"fl","c":{"a":0,"k":[0.620000023935,0.20800000359,0.20800000359,1],"ix":4},"o":{"a":0,"k":100,"ix":5},"r":1,"bm":0,"nm":"Fill 1","mn":"ADBE Vector Graphic - Fill","hd":false},{"ty":"tr","p":{"a":0,"k":[17.304,18.525],"ix":2},"a":{"a":0,"k":[0,0],"ix":1},"s":{"a":0,"k":[100,100],"ix":3},"r":{"a":0,"k":0,"ix":6},"o":{"a":0,"k":100,"ix":7},"sk":{"a":0,"k":0,"ix":4},"sa":{"a":0,"k":0,"ix":5},"nm":"Transform"}],"nm":"Group 2","np":2,"cix":2,"bm":0,"ix":3,"mn":"ADBE Vector Group","hd":false},{"ty":"gr","it":[{"ind":0,"ty":"sh","ix":1,"ks":{"a":0,"k":{"i":[[-7.953,0],[0,-1.326],[7.953,0],[0,1.326]],"o":[[7.953,0],[0,1.326],[-7.953,0],[0,-1.326]],"v":[[0,-2.4],[14.4,0],[0,2.4],[-14.4,0]],"c":true},"ix":2},"nm":"Path 1","mn":"ADBE Vector Shape - Group","hd":false},{"ty":"fl","c":{"a":0,"k":[0.952999997606,0.717999985639,0.717999985639,1],"ix":4},"o":{"a":0,"k":100,"ix":5},"r":1,"bm":0,"nm":"Fill 1","mn":"ADBE Vector Graphic - Fill","hd":false},{"ty":"tr","p":{"a":0,"k":[15.707,33.7],"ix":2},"a":{"a":0,"k":[0,0],"ix":1},"s":{"a":0,"k":[100,100],"ix":3},"r":{"a":0,"k":0,"ix":6},"o":{"a":0,"k":100,"ix":7},"sk":{"a":0,"k":0,"ix":4},"sa":{"a":0,"k":0,"ix":5},"nm":"Transform"}],"nm":"Group 3","np":2,"cix":2,"bm":0,"ix":4,"mn":"ADBE Vector Group","hd":false}],"ip":-80,"op":40,"st":-80,"bm":0},{"ddd":0,"ind":2,"ty":4,"nm":"wh","sr":1,"ks":{"o":{"a":0,"k":100,"ix":11},"r":{"a":0,"k":0,"ix":10},"p":{"a":0,"k":[28.471,22.6,0],"ix":2,"l":2},"a":{"a":0,"k":[4.25,4.25,0],"ix":1,"l":2},"s":{"a":0,"k":[112.5,100,100],"ix":6,"l":2}},"ao":0,"shapes":[{"ty":"gr","it":[{"ind":0,"ty":"sh","ix":1,"ks":{"a":0,"k":{"i":[[0,2.209],[-2.209,0],[0,-2.209],[2.209,0]],"o":[[0,-2.209],[2.209,0],[0,2.209],[-2.209,0]],"v":[[-4,0],[0,-4],[4,0],[0,4]],"c":true},"ix":2},"nm":"Path 1","mn":"ADBE Vector Shape - Group","hd":false},{"ty":"fl","c":{"a":0,"k":[1,1,1,1],"ix":4},"o":{"a":0,"k":100,"ix":5},"r":1,"bm":0,"nm":"Fill 1","mn":"ADBE Vector Graphic - Fill","hd":false},{"ty":"tr","p":{"a":0,"k":[4.25,4.25],"ix":2},"a":{"a":0,"k":[0,0],"ix":1},"s":{"a":0,"k":[100,100],"ix":3},"r":{"a":0,"k":0,"ix":6},"o":{"a":0,"k":100,"ix":7},"sk":{"a":0,"k":0,"ix":4},"sa":{"a":0,"k":0,"ix":5},"nm":"Transform"}],"nm":"Group 1","np":2,"cix":2,"bm":0,"ix":1,"mn":"ADBE Vector Group","hd":false}],"ip":-80,"op":40,"st":-80,"bm":0}],"markers":[]}