{"v":"5.1.1","fr":30,"ip":0,"op":90,"w":368,"h":240,"nm":"02-B","ddd":0,"assets":[],"layers":[{"ddd":0,"ind":1,"ty":4,"nm":"pin Outlines","sr":1,"ks":{"o":{"a":0,"k":100,"ix":11},"r":{"a":0,"k":0,"ix":10},"p":{"a":0,"k":[183.71,143.456,0],"ix":2},"a":{"a":0,"k":[42.579,115.457,0],"ix":1},"s":{"a":1,"k":[{"i":{"x":[0.833,0.833,0.833],"y":[1.444,1.289,1]},"o":{"x":[0.167,0.167,0.167],"y":[0,0,0]},"n":["0p833_1p444_0p167_0","0p833_1p289_0p167_0","0p833_1_0p167_0"],"t":22,"s":[100,100,100],"e":[92.917,112.992,100]},{"i":{"x":[0.833,0.833,0.833],"y":[0.99,0.967,1]},"o":{"x":[0.167,0.167,0.167],"y":[0.073,0.135,0]},"n":["0p833_0p99_0p167_0p073","0p833_0p967_0p167_0p135","0p833_1_0p167_0"],"t":26,"s":[92.917,112.992,100],"e":[125.208,92.205,100]},{"i":{"x":[0.833,0.833,0.833],"y":[0.949,0.962,1]},"o":{"x":[0.167,0.167,0.167],"y":[-0.016,-0.081,0]},"n":["0p833_0p949_0p167_-0p016","0p833_0p962_0p167_-0p081","0p833_1_0p167_0"],"t":29,"s":[125.208,92.205,100],"e":[97.643,103.464,100]},{"i":{"x":[0.833,0.833,0.833],"y":[0.967,0.925,1]},"o":{"x":[0.167,0.167,0.167],"y":[-0.209,-0.098,0]},"n":["0p833_0p967_0p167_-0p209","0p833_0p925_0p167_-0p098","0p833_1_0p167_0"],"t":33,"s":[97.643,103.464,100],"e":[106.102,98,100]},{"i":{"x":[0.811,0.811,0.811],"y":[1.021,1,1]},"o":{"x":[0.167,0.167,0.167],"y":[-0.018,-0.082,0]},"n":["0p811_1p021_0p167_-0p018","0p811_1_0p167_-0p082","0p811_1_0p167_0"],"t":38,"s":[106.102,98,100],"e":[100,100,100]},{"t":40}],"ix":6}},"ao":0,"shapes":[{"ty":"gr","it":[{"ind":0,"ty":"sh","ix":1,"ks":{"a":0,"k":{"i":[[0,7.781],[7.78,0],[0,-7.78],[-7.781,0]],"o":[[0,-7.78],[-7.781,0],[0,7.781],[7.78,0]],"v":[[14.089,0],[0,-14.088],[-14.089,0],[0,14.088]],"c":true},"ix":2},"nm":"Path 1","mn":"ADBE Vector Shape - Group","hd":false},{"ty":"fl","c":{"a":0,"k":[1,1,1,1],"ix":4},"o":{"a":0,"k":100,"ix":5},"r":1,"nm":"Fill 1","mn":"ADBE Vector Graphic - Fill","hd":false},{"ty":"tr","p":{"a":0,"k":[42.624,42.283],"ix":2},"a":{"a":0,"k":[0,0],"ix":1},"s":{"a":0,"k":[100,100],"ix":3},"r":{"a":0,"k":0,"ix":6},"o":{"a":0,"k":100,"ix":7},"sk":{"a":0,"k":0,"ix":4},"sa":{"a":0,"k":0,"ix":5},"nm":"Transform"}],"nm":"Group 1","np":2,"cix":2,"ix":1,"mn":"ADBE Vector Group","hd":false},{"ty":"gr","it":[{"ind":0,"ty":"sh","ix":1,"ks":{"a":0,"k":{"i":[[0,37.343],[23.454,0],[0,-23.455],[-1.368,0]],"o":[[0,-23.455],[-23.455,0],[0,37.343],[1.367,0]],"v":[[42.468,-14.644],[0,-57.113],[-42.469,-14.644],[0,57.113]],"c":true},"ix":2},"nm":"Path 1","mn":"ADBE Vector Shape - Group","hd":false},{"ty":"fl","c":{"a":0,"k":[0.043137254901960784,0.3686274509803922,0.5411764705882353,1],"ix":4},"o":{"a":0,"k":100,"ix":5},"r":1,"nm":"Fill 1","mn":"ADBE Vector Graphic - Fill","hd":false},{"ty":"tr","p":{"a":0,"k":[42.468,57.113],"ix":2},"a":{"a":0,"k":[0,0],"ix":1},"s":{"a":0,"k":[100,100],"ix":3},"r":{"a":0,"k":0,"ix":6},"o":{"a":0,"k":100,"ix":7},"sk":{"a":0,"k":0,"ix":4},"sa":{"a":0,"k":0,"ix":5},"nm":"Transform"}],"nm":"Group 2","np":2,"cix":2,"ix":2,"mn":"ADBE Vector Group","hd":false}],"ip":0,"op":90,"st":0,"bm":0},{"ddd":0,"ind":2,"ty":4,"nm":"line Outlines","sr":1,"ks":{"o":{"a":0,"k":100,"ix":11},"r":{"a":0,"k":0,"ix":10},"p":{"a":0,"k":[183.6,144.956,0],"ix":2},"a":{"a":0,"k":[17.389,6,0],"ix":1},"s":{"a":1,"k":[{"i":{"x":[0.833,0.833,0.833],"y":[1.733,1,1]},"o":{"x":[0.167,0.167,0.167],"y":[0,0,0]},"n":["0p833_1p733_0p167_0","0p833_1_0p167_0","0p833_1_0p167_0"],"t":22,"s":[100,100,100],"e":[60,100,100]},{"i":{"x":[0.833,0.833,0.833],"y":[0.987,1,1]},"o":{"x":[0.167,0.167,0.167],"y":[0.195,0,0]},"n":["0p833_0p987_0p167_0p195","0p833_1_0p167_0","0p833_1_0p167_0"],"t":26,"s":[60,100,100],"e":[173,100,100]},{"i":{"x":[0.833,0.833,0.833],"y":[0.987,1,1]},"o":{"x":[0.167,0.167,0.167],"y":[-0.022,0,0]},"n":["0p833_0p987_0p167_-0p022","0p833_1_0p167_0","0p833_1_0p167_0"],"t":29,"s":[173,100,100],"e":[81,100,100]},{"i":{"x":[0.635,0.635,0.635],"y":[0.714,1,1]},"o":{"x":[0.158,0.158,0.158],"y":[-0.067,0,0]},"n":["0p635_0p714_0p158_-0p067","0p635_1_0p158_0","0p635_1_0p158_0"],"t":33,"s":[81,100,100],"e":[102.444,100,100]},{"i":{"x":[0.811,0.811,0.811],"y":[1.42,1,1]},"o":{"x":[0.438,0.438,0.438],"y":[-1.206,0,0]},"n":["0p811_1p42_0p438_-1p206","0p811_1_0p438_0","0p811_1_0p438_0"],"t":38,"s":[102.444,100,100],"e":[100,100,100]},{"t":40}],"ix":6}},"ao":0,"shapes":[{"ty":"gr","it":[{"ind":0,"ty":"sh","ix":1,"ks":{"a":0,"k":{"i":[[0,0],[0,0]],"o":[[0,0],[0,0]],"v":[[6,6],[28.779,6]],"c":false},"ix":2},"nm":"Path 1","mn":"ADBE Vector Shape - Group","hd":false},{"ty":"st","c":{"a":0,"k":[0.969000004787,0.74900004069,0.709999952129,1],"ix":3},"o":{"a":0,"k":100,"ix":4},"w":{"a":0,"k":8,"ix":5},"lc":2,"lj":2,"nm":"Stroke 1","mn":"ADBE Vector Graphic - Stroke","hd":false},{"ty":"tr","p":{"a":0,"k":[0,0],"ix":2},"a":{"a":0,"k":[0,0],"ix":1},"s":{"a":0,"k":[100,100],"ix":3},"r":{"a":0,"k":0,"ix":6},"o":{"a":0,"k":100,"ix":7},"sk":{"a":0,"k":0,"ix":4},"sa":{"a":0,"k":0,"ix":5},"nm":"Transform"}],"nm":"Group 1","np":2,"cix":2,"ix":1,"mn":"ADBE Vector Group","hd":false}],"ip":0,"op":90,"st":0,"bm":0},{"ddd":0,"ind":3,"ty":4,"nm":"horizontaal","sr":1,"ks":{"o":{"a":0,"k":100,"ix":11},"r":{"a":0,"k":0,"ix":10},"p":{"a":0,"k":[183.5,120,0],"ix":2},"a":{"a":0,"k":[183.5,120,0],"ix":1},"s":{"a":0,"k":[100,100,100],"ix":6}},"ao":0,"shapes":[{"ty":"gr","it":[{"ind":0,"ty":"sh","ix":1,"ks":{"a":0,"k":{"i":[[0,0],[0,0]],"o":[[0,0],[0,0]],"v":[[99.736,145.12],[265.745,145.12]],"c":false},"ix":2},"nm":"Path 1","mn":"ADBE Vector Shape - Group","hd":false},{"ty":"st","c":{"a":0,"k":[1,1,1,1],"ix":3},"o":{"a":0,"k":100,"ix":4},"w":{"a":0,"k":8,"ix":5},"lc":1,"lj":1,"ml":10,"nm":"Stroke 1","mn":"ADBE Vector Graphic - Stroke","hd":false},{"ty":"tr","p":{"a":0,"k":[0,0],"ix":2},"a":{"a":0,"k":[0,0],"ix":1},"s":{"a":0,"k":[100,100],"ix":3},"r":{"a":0,"k":0,"ix":6},"o":{"a":0,"k":100,"ix":7},"sk":{"a":0,"k":0,"ix":4},"sa":{"a":0,"k":0,"ix":5},"nm":"Transform"}],"nm":"Group 3","np":2,"cix":2,"ix":1,"mn":"ADBE Vector Group","hd":false},{"ty":"tm","s":{"a":1,"k":[{"i":{"x":[0.667],"y":[1]},"o":{"x":[0.333],"y":[0]},"n":["0p667_1_0p333_0"],"t":21,"s":[0],"e":[0]},{"i":{"x":[0.667],"y":[1]},"o":{"x":[0.333],"y":[0]},"n":["0p667_1_0p333_0"],"t":33,"s":[0],"e":[0]},{"i":{"x":[0.518],"y":[1]},"o":{"x":[0.426],"y":[0]},"n":["0p518_1_0p426_0"],"t":73,"s":[0],"e":[100]},{"t":84}],"ix":1},"e":{"a":1,"k":[{"i":{"x":[0.521],"y":[1]},"o":{"x":[0.496],"y":[0]},"n":["0p521_1_0p496_0"],"t":21,"s":[0],"e":[100]},{"i":{"x":[0.667],"y":[1]},"o":{"x":[0.333],"y":[0]},"n":["0p667_1_0p333_0"],"t":33,"s":[100],"e":[100]},{"i":{"x":[0.667],"y":[1]},"o":{"x":[0.333],"y":[0]},"n":["0p667_1_0p333_0"],"t":73,"s":[100],"e":[100]},{"t":84}],"ix":2},"o":{"a":0,"k":0,"ix":3},"m":1,"ix":2,"nm":"Trim Paths 1","mn":"ADBE Vector Filter - Trim","hd":false}],"ip":10,"op":100,"st":10,"bm":0},{"ddd":0,"ind":4,"ty":4,"nm":"verticaal","sr":1,"ks":{"o":{"a":0,"k":100,"ix":11},"r":{"a":0,"k":0,"ix":10},"p":{"a":0,"k":[183.5,120,0],"ix":2},"a":{"a":0,"k":[183.5,120,0],"ix":1},"s":{"a":0,"k":[100,100,100],"ix":6}},"ao":0,"shapes":[{"ty":"gr","it":[{"ind":0,"ty":"sh","ix":1,"ks":{"a":0,"k":{"i":[[0,0],[0,0]],"o":[[0,0],[0,0]],"v":[[209.609,41.667],[209.609,200.667]],"c":false},"ix":2},"nm":"Path 1","mn":"ADBE Vector Shape - Group","hd":false},{"ty":"st","c":{"a":0,"k":[1,1,1,1],"ix":3},"o":{"a":0,"k":100,"ix":4},"w":{"a":0,"k":8,"ix":5},"lc":1,"lj":1,"ml":10,"nm":"Stroke 1","mn":"ADBE Vector Graphic - Stroke","hd":false},{"ty":"tr","p":{"a":0,"k":[0,0],"ix":2},"a":{"a":0,"k":[0,0],"ix":1},"s":{"a":0,"k":[100,100],"ix":3},"r":{"a":0,"k":0,"ix":6},"o":{"a":0,"k":100,"ix":7},"sk":{"a":0,"k":0,"ix":4},"sa":{"a":0,"k":0,"ix":5},"nm":"Transform"}],"nm":"Group 2","np":2,"cix":2,"ix":1,"mn":"ADBE Vector Group","hd":false},{"ty":"tm","s":{"a":1,"k":[{"i":{"x":[0.833],"y":[0.833]},"o":{"x":[0.167],"y":[0.167]},"n":["0p833_0p833_0p167_0p167"],"t":11,"s":[100],"e":[100]},{"i":{"x":[0.667],"y":[1]},"o":{"x":[0.167],"y":[0]},"n":["0p667_1_0p167_0"],"t":23,"s":[100],"e":[100]},{"i":{"x":[0.412],"y":[1]},"o":{"x":[0.333],"y":[0]},"n":["0p412_1_0p333_0"],"t":63,"s":[100],"e":[0]},{"t":75}],"ix":1},"e":{"a":1,"k":[{"i":{"x":[0.437],"y":[1]},"o":{"x":[0.427],"y":[0]},"n":["0p437_1_0p427_0"],"t":11,"s":[100],"e":[0]},{"i":{"x":[0.833],"y":[1]},"o":{"x":[0.333],"y":[0]},"n":["0p833_1_0p333_0"],"t":23,"s":[0],"e":[0]},{"i":{"x":[0.833],"y":[0.833]},"o":{"x":[0.167],"y":[0.167]},"n":["0p833_0p833_0p167_0p167"],"t":63,"s":[0],"e":[0]},{"t":75}],"ix":2},"o":{"a":0,"k":0,"ix":3},"m":1,"ix":2,"nm":"Trim Paths 1","mn":"ADBE Vector Filter - Trim","hd":false}],"ip":0,"op":90,"st":0,"bm":0},{"ddd":0,"ind":5,"ty":4,"nm":"bocht","sr":1,"ks":{"o":{"a":0,"k":100,"ix":11},"r":{"a":0,"k":0,"ix":10},"p":{"a":0,"k":[183.5,120,0],"ix":2},"a":{"a":0,"k":[183.5,120,0],"ix":1},"s":{"a":0,"k":[100,100,100],"ix":6}},"ao":0,"shapes":[{"ty":"gr","it":[{"ind":0,"ty":"sh","ix":1,"ks":{"a":0,"k":{"i":[[0,0],[0,0],[0,-20.781],[0,0],[1.889,-4.513]],"o":[[0,0],[-20.568,0],[0,0],[0,5.208],[0,0]],"v":[[62.182,-47.966],[-22.005,-47.966],[-59.249,-10.339],[-59.249,33.285],[-62.182,47.967]],"c":false},"ix":2},"nm":"Path 1","mn":"ADBE Vector Shape - Group","hd":false},{"ty":"st","c":{"a":0,"k":[1,1,1,1],"ix":3},"o":{"a":0,"k":100,"ix":4},"w":{"a":0,"k":8,"ix":5},"lc":1,"lj":1,"ml":10,"nm":"Stroke 1","mn":"ADBE Vector Graphic - Stroke","hd":false},{"ty":"tr","p":{"a":0,"k":[204.09,147.818],"ix":2},"a":{"a":0,"k":[0,0],"ix":1},"s":{"a":0,"k":[100,100],"ix":3},"r":{"a":0,"k":0,"ix":6},"o":{"a":0,"k":100,"ix":7},"sk":{"a":0,"k":0,"ix":4},"sa":{"a":0,"k":0,"ix":5},"nm":"Transform"}],"nm":"Group 1","np":2,"cix":2,"ix":1,"mn":"ADBE Vector Group","hd":false},{"ty":"tm","s":{"a":1,"k":[{"i":{"x":[0.667],"y":[1]},"o":{"x":[0.333],"y":[0]},"n":["0p667_1_0p333_0"],"t":11,"s":[100],"e":[100]},{"i":{"x":[0.667],"y":[1]},"o":{"x":[0.333],"y":[0]},"n":["0p667_1_0p333_0"],"t":23,"s":[100],"e":[100]},{"i":{"x":[0.514],"y":[1]},"o":{"x":[0.435],"y":[0]},"n":["0p514_1_0p435_0"],"t":72,"s":[100],"e":[0]},{"t":84}],"ix":1},"e":{"a":1,"k":[{"i":{"x":[0.429],"y":[1]},"o":{"x":[0.444],"y":[0]},"n":["0p429_1_0p444_0"],"t":11,"s":[100],"e":[0]},{"i":{"x":[0.667],"y":[1]},"o":{"x":[0.333],"y":[0]},"n":["0p667_1_0p333_0"],"t":23,"s":[0],"e":[0]},{"i":{"x":[0.667],"y":[1]},"o":{"x":[0.333],"y":[0]},"n":["0p667_1_0p333_0"],"t":72,"s":[0],"e":[0]},{"t":84}],"ix":2},"o":{"a":0,"k":0,"ix":3},"m":1,"ix":2,"nm":"Trim Paths 1","mn":"ADBE Vector Filter - Trim","hd":false}],"ip":0,"op":90,"st":0,"bm":0},{"ddd":0,"ind":6,"ty":4,"nm":"blauw","sr":1,"ks":{"o":{"a":1,"k":[{"i":{"x":[0.833],"y":[0.833]},"o":{"x":[0.167],"y":[0.167]},"n":["0p833_0p833_0p167_0p167"],"t":20,"s":[0],"e":[100]},{"i":{"x":[0.833],"y":[0.833]},"o":{"x":[0.167],"y":[0.167]},"n":["0p833_0p833_0p167_0p167"],"t":32,"s":[100],"e":[100]},{"i":{"x":[0.833],"y":[0.833]},"o":{"x":[0.167],"y":[0.167]},"n":["0p833_0p833_0p167_0p167"],"t":63,"s":[100],"e":[0]},{"t":75}],"ix":11},"r":{"a":0,"k":0,"ix":10},"p":{"a":0,"k":[183.5,117,0],"ix":2},"a":{"a":0,"k":[183.5,120,0],"ix":1},"s":{"a":0,"k":[100,100,100],"ix":6}},"ao":0,"shapes":[{"ty":"gr","it":[{"ind":0,"ty":"sh","ix":1,"ks":{"a":0,"k":{"i":[[12.741,-1.208],[-4.334,-45.689],[-1.422,-4.92],[0,0],[0,0],[-20.569,0],[0,0],[0,0]],"o":[[-45.689,4.334],[0.502,5.285],[0,0],[0,0],[0,-20.781],[0,0],[0,0],[-11.268,-4.122]],"v":[[21.165,-52.344],[-53.715,38.232],[-50.785,53.551],[-9.253,53.551],[-9.253,47.764],[27.99,10.136],[58.049,10.136],[57.512,-47.688]],"c":true},"ix":2},"nm":"Path 1","mn":"ADBE Vector Shape - Group","hd":false},{"ty":"fl","c":{"a":0,"k":[0.6666666666666666,0.8549019607843137,1,1],"ix":4},"o":{"a":0,"k":100,"ix":5},"r":1,"nm":"Fill 1","mn":"ADBE Vector Graphic - Fill","hd":false},{"ty":"tr","p":{"a":0,"k":[154.094,89.716],"ix":2},"a":{"a":0,"k":[0,0],"ix":1},"s":{"a":0,"k":[100,100],"ix":3},"r":{"a":0,"k":0,"ix":6},"o":{"a":0,"k":100,"ix":7},"sk":{"a":0,"k":0,"ix":4},"sa":{"a":0,"k":0,"ix":5},"nm":"Transform"}],"nm":"Group 5","np":2,"cix":2,"ix":1,"mn":"ADBE Vector Group","hd":false},{"ty":"tm","s":{"a":1,"k":[{"i":{"x":[0.833],"y":[0.833]},"o":{"x":[0.167],"y":[0.167]},"n":["0p833_0p833_0p167_0p167"],"t":20,"s":[0],"e":[0]},{"i":{"x":[0.833],"y":[0.833]},"o":{"x":[0.167],"y":[0.167]},"n":["0p833_0p833_0p167_0p167"],"t":32,"s":[0],"e":[0]},{"i":{"x":[0.833],"y":[0.833]},"o":{"x":[0.167],"y":[0.167]},"n":["0p833_0p833_0p167_0p167"],"t":63,"s":[0],"e":[100]},{"t":75}],"ix":1},"e":{"a":1,"k":[{"i":{"x":[0.833],"y":[0.833]},"o":{"x":[0.167],"y":[0.167]},"n":["0p833_0p833_0p167_0p167"],"t":20,"s":[0],"e":[100]},{"i":{"x":[0.833],"y":[0.833]},"o":{"x":[0.167],"y":[0.167]},"n":["0p833_0p833_0p167_0p167"],"t":32,"s":[100],"e":[100]},{"i":{"x":[0.833],"y":[0.833]},"o":{"x":[0.167],"y":[0.167]},"n":["0p833_0p833_0p167_0p167"],"t":63,"s":[100],"e":[100]},{"t":75}],"ix":2},"o":{"a":0,"k":0,"ix":3},"m":1,"ix":2,"nm":"Trim Paths 1","mn":"ADBE Vector Filter - Trim","hd":false}],"ip":9,"op":99,"st":9,"bm":0},{"ddd":0,"ind":7,"ty":4,"nm":"groen","sr":1,"ks":{"o":{"a":1,"k":[{"i":{"x":[0.833],"y":[0.833]},"o":{"x":[0.167],"y":[0.167]},"n":["0p833_0p833_0p167_0p167"],"t":21,"s":[1],"e":[100]},{"i":{"x":[0.833],"y":[0.833]},"o":{"x":[0.167],"y":[0.167]},"n":["0p833_0p833_0p167_0p167"],"t":33,"s":[100],"e":[100]},{"i":{"x":[0.833],"y":[0.833]},"o":{"x":[0.167],"y":[0.167]},"n":["0p833_0p833_0p167_0p167"],"t":64,"s":[100],"e":[0]},{"t":76}],"ix":11},"r":{"a":0,"k":0,"ix":10},"p":{"a":0,"k":[183.5,117,0],"ix":2},"a":{"a":0,"k":[183.5,120,0],"ix":1},"s":{"a":0,"k":[100,100,100],"ix":6}},"ao":0,"shapes":[{"ty":"gr","it":[{"ind":0,"ty":"sh","ix":1,"ks":{"a":0,"k":{"i":[[25.349,9.192],[0,0],[0,0]],"o":[[0,0],[0,0],[-6.91,-27.008]],"v":[[-26.104,-28.726],[-26.104,28.726],[26.104,28.726]],"c":true},"ix":2},"nm":"Path 1","mn":"ADBE Vector Shape - Group","hd":false},{"ty":"fl","c":{"a":0,"k":[0.8862745098039215,0.8862745098039215,0.8941176470588236,1],"ix":4},"o":{"a":0,"k":100,"ix":5},"r":1,"nm":"Fill 1","mn":"ADBE Vector Graphic - Fill","hd":false},{"ty":"tr","p":{"a":0,"k":[237.488,70.677],"ix":2},"a":{"a":0,"k":[0,0],"ix":1},"s":{"a":0,"k":[100,100],"ix":3},"r":{"a":0,"k":0,"ix":6},"o":{"a":0,"k":100,"ix":7},"sk":{"a":0,"k":0,"ix":4},"sa":{"a":0,"k":0,"ix":5},"nm":"Transform"}],"nm":"Group 4","np":2,"cix":2,"ix":1,"mn":"ADBE Vector Group","hd":false},{"ty":"tm","s":{"a":1,"k":[{"i":{"x":[0.833],"y":[0.833]},"o":{"x":[0.167],"y":[0.167]},"n":["0p833_0p833_0p167_0p167"],"t":21,"s":[0],"e":[0]},{"i":{"x":[0.833],"y":[0.833]},"o":{"x":[0.167],"y":[0.167]},"n":["0p833_0p833_0p167_0p167"],"t":33,"s":[0],"e":[0]},{"i":{"x":[0.833],"y":[0.833]},"o":{"x":[0.167],"y":[0.167]},"n":["0p833_0p833_0p167_0p167"],"t":64,"s":[0],"e":[100]},{"t":76}],"ix":1},"e":{"a":1,"k":[{"i":{"x":[0.833],"y":[0.833]},"o":{"x":[0.167],"y":[0.167]},"n":["0p833_0p833_0p167_0p167"],"t":21,"s":[0],"e":[100]},{"i":{"x":[0.833],"y":[0.833]},"o":{"x":[0.167],"y":[0.167]},"n":["0p833_0p833_0p167_0p167"],"t":33,"s":[100],"e":[100]},{"i":{"x":[0.833],"y":[0.833]},"o":{"x":[0.167],"y":[0.167]},"n":["0p833_0p833_0p167_0p167"],"t":64,"s":[100],"e":[100]},{"t":76}],"ix":2},"o":{"a":0,"k":0,"ix":3},"m":1,"ix":2,"nm":"Trim Paths 1","mn":"ADBE Vector Filter - Trim","hd":false}],"ip":10,"op":100,"st":10,"bm":0},{"ddd":0,"ind":8,"ty":4,"nm":"circle Outlines","sr":1,"ks":{"o":{"a":0,"k":100,"ix":11},"r":{"a":0,"k":0,"ix":10},"p":{"a":0,"k":[183.355,117.117,0],"ix":2},"a":{"a":0,"k":[83.1,83.099,0],"ix":1},"s":{"a":0,"k":[100,100,100],"ix":6}},"ao":0,"shapes":[{"ty":"gr","it":[{"ind":0,"ty":"sh","ix":1,"ks":{"a":0,"k":{"i":[[-0.794,45.889],[45.886,0.794],[0.794,-45.888],[-45.888,-0.794]],"o":[[0.794,-45.888],[-45.889,-0.794],[-0.794,45.889],[45.887,0.794]],"v":[[83.087,1.437],[1.439,-83.087],[-83.087,-1.438],[-1.437,83.086]],"c":true},"ix":2},"nm":"Path 1","mn":"ADBE Vector Shape - Group","hd":false},{"ty":"fl","c":{"a":0,"k":[0.948999980852,0.948999980852,0.948999980852,1],"ix":4},"o":{"a":0,"k":100,"ix":5},"r":1,"nm":"Fill 1","mn":"ADBE Vector Graphic - Fill","hd":false},{"ty":"tr","p":{"a":0,"k":[83.1,83.099],"ix":2},"a":{"a":0,"k":[0,0],"ix":1},"s":{"a":0,"k":[100,100],"ix":3},"r":{"a":0,"k":0,"ix":6},"o":{"a":0,"k":100,"ix":7},"sk":{"a":0,"k":0,"ix":4},"sa":{"a":0,"k":0,"ix":5},"nm":"Transform"}],"nm":"Group 1","np":2,"cix":2,"ix":1,"mn":"ADBE Vector Group","hd":false}],"ip":0,"op":90,"st":0,"bm":0}],"markers":[]}