{"v":"5.5.9","fr":30,"ip":0,"op":600,"w":357,"h":303,"nm":"badge","ddd":0,"assets":[],"fonts":{"list":[{"fName":"GRIFTERBold","fFamily":"GRIFTER","fStyle":"Bold","ascent":72.27783203125}]},"layers":[{"ddd":0,"ind":1,"ty":5,"nm":"TUTORIALS FOR WEBFLOW PROS - TUTORIALS FOR WEBFLOW PROS - ","sr":1,"ks":{"o":{"a":0,"k":100,"ix":11},"r":{"a":0,"k":29,"ix":10},"p":{"a":0,"k":[96.829,105.359,0],"ix":2},"a":{"a":0,"k":[0,0,0],"ix":1},"s":{"a":0,"k":[106,106,100],"ix":6}},"ao":0,"hasMask":true,"masksProperties":[{"inv":false,"mode":"n","pt":{"a":0,"k":{"i":[[82.799,0],[0,-59.136],[-82.799,0],[0,59.136]],"o":[[-82.799,0],[0,59.136],[82.799,0],[0,-59.136]],"v":[[87.958,-105.957],[-61.963,1.119],[87.958,108.195],[237.879,1.119]],"c":true},"ix":1},"o":{"a":0,"k":100,"ix":3},"x":{"a":0,"k":0,"ix":4},"nm":"Mask 1"}],"t":{"d":{"k":[{"s":{"s":20.2999992370605,"f":"GRIFTERBold","t":"TUTORIALS FOR WEBFLOW PROS - TUTORIALS FOR WEBFLOW PROS - ","j":2,"tr":50,"lh":24.3599990844727,"ls":0,"fc":[0,0,0]},"t":0}]},"p":{"m":0,"f":{"a":1,"k":[{"i":{"x":[0.833],"y":[0.833]},"o":{"x":[0.167],"y":[0.167]},"t":0,"s":[814]},{"t":599,"s":[0]}],"ix":5},"l":{"a":0,"k":0,"ix":6},"a":0,"p":1,"r":1},"m":{"g":1,"a":{"a":0,"k":[0,0],"ix":2}},"a":[]},"ip":0,"op":600,"st":0,"bm":0},{"ddd":0,"ind":2,"ty":4,"nm":"Layer 2 Outlines","sr":1,"ks":{"o":{"a":0,"k":100,"ix":11},"r":{"a":0,"k":0,"ix":10},"p":{"a":0,"k":[178.008,151.4,0],"ix":2},"a":{"a":0,"k":[183.745,156.051,0],"ix":1},"s":{"a":0,"k":[100,100,100],"ix":6}},"ao":0,"shapes":[{"ty":"gr","it":[{"ind":0,"ty":"sh","ix":1,"ks":{"a":0,"k":{"i":[[71.359,36.598],[25.065,-48.88],[-71.359,-36.594],[-25.064,48.88]],"o":[[-71.358,-36.593],[-25.066,48.88],[71.358,36.595],[25.066,-48.881]],"v":[[45.458,-88.652],[-129.412,-66.369],[-45.462,88.647],[129.411,66.364]],"c":true},"ix":2},"nm":"Path 1","mn":"ADBE Vector Shape - Group","hd":false},{"ind":1,"ty":"sh","ix":2,"ks":{"a":0,"k":{"i":[[43.225,22.168],[19.465,38.282],[-17.704,34.523],[-44.879,6.907],[-43.225,-22.167],[-19.468,-38.282],[17.706,-34.524],[44.88,-6.906]],"o":[[-43.225,-22.168],[-20.582,-40.476],[17.704,-34.524],[42.446,-6.53],[43.225,22.167],[20.581,40.475],[-17.707,34.525],[-42.447,6.533]],"v":[[-64.116,125.023],[-161.332,31.285],[-165.791,-85.02],[-68.739,-149.271],[64.115,-125.025],[161.331,-31.286],[165.79,85.019],[68.737,149.269]],"c":true},"ix":2},"nm":"Path 2","mn":"ADBE Vector Shape - Group","hd":false},{"ty":"mm","mm":1,"nm":"Merge Paths 1","mn":"ADBE Vector Filter - Merge","hd":false},{"ty":"fl","c":{"a":0,"k":[0.870999983245,0.944999964097,0.255000005984,1],"ix":4},"o":{"a":0,"k":100,"ix":5},"r":1,"bm":0,"nm":"Fill 1","mn":"ADBE Vector Graphic - Fill","hd":false},{"ty":"tr","p":{"a":0,"k":[183.745,156.051],"ix":2},"a":{"a":0,"k":[0,0],"ix":1},"s":{"a":0,"k":[100,100],"ix":3},"r":{"a":0,"k":0,"ix":6},"o":{"a":0,"k":100,"ix":7},"sk":{"a":0,"k":0,"ix":4},"sa":{"a":0,"k":0,"ix":5},"nm":"Transform"}],"nm":"Group 1","np":6,"cix":2,"bm":0,"ix":1,"mn":"ADBE Vector Group","hd":false}],"ip":0,"op":600,"st":0,"bm":0}],"markers":[],"chars":[{"ch":"T","size":20.2999992370605,"style":"Bold","w":73.5,"data":{"shapes":[{"ty":"gr","it":[{"ind":0,"ty":"sh","ix":1,"ks":{"a":0,"k":{"i":[[0,0],[0,0],[0,0],[0,0],[0,0],[0,0],[0,0],[0,0]],"o":[[0,0],[0,0],[0,0],[0,0],[0,0],[0,0],[0,0],[0,0]],"v":[[2.719,-56.502],[29.356,-56.502],[29.356,0],[44.688,0],[44.688,-56.502],[71.327,-56.502],[71.327,-70.496],[2.719,-70.496]],"c":true},"ix":2},"nm":"T","mn":"ADBE Vector Shape - Group","hd":false}],"nm":"T","np":3,"cix":2,"bm":0,"ix":1,"mn":"ADBE Vector Group","hd":false}]},"fFamily":"GRIFTER"},{"ch":"U","size":20.2999992370605,"style":"Bold","w":68.7,"data":{"shapes":[{"ty":"gr","it":[{"ind":0,"ty":"sh","ix":1,"ks":{"a":0,"k":{"i":[[0,-7.686],[16.185,0],[0,10.593],[0,0],[0,0],[0,0],[-31.833,0],[0,9.615],[0,0],[0,0]],"o":[[0,7.686],[-16.02,0],[0,0],[0,0],[0,0],[0,10.873],[31.825,0],[0,-9.616],[0,0],[-0.003,0]],"v":[[50.433,-34.303],[34.541,-14.026],[18.048,-34.303],[18.048,-70.496],[2.719,-70.496],[2.719,-32.542],[34.549,0],[66.377,-32.503],[66.377,-70.496],[50.436,-70.496]],"c":true},"ix":2},"nm":"U","mn":"ADBE Vector Shape - Group","hd":false}],"nm":"U","np":3,"cix":2,"bm":0,"ix":1,"mn":"ADBE Vector Group","hd":false}]},"fFamily":"GRIFTER"},{"ch":"O","size":20.2999992370605,"style":"Bold","w":76.4,"data":{"shapes":[{"ty":"gr","it":[{"ind":0,"ty":"sh","ix":1,"ks":{"a":0,"k":{"i":[[20.509,0],[0,-23.164],[-20.511,0],[0,23.174]],"o":[[-20.511,0],[0,23.599],[20.509,0],[0.005,-23.164]],"v":[[38.911,-71.645],[2.719,-35.822],[38.911,0],[75.102,-35.822]],"c":true},"ix":2},"nm":"O","mn":"ADBE Vector Shape - Group","hd":false},{"ind":1,"ty":"sh","ix":2,"ks":{"a":0,"k":{"i":[[12.215,0],[0,14.012],[-12.215,0],[0,-13.774]],"o":[[-12.215,0],[0,-14.005],[12.215,0],[0,13.553]],"v":[[38.911,-15.636],[17.738,-35.822],[38.911,-56.009],[60.085,-35.822]],"c":true},"ix":2},"nm":"O","mn":"ADBE Vector Shape - Group","hd":false}],"nm":"O","np":5,"cix":2,"bm":0,"ix":1,"mn":"ADBE Vector Group","hd":false}]},"fFamily":"GRIFTER"},{"ch":"R","size":20.2999992370605,"style":"Bold","w":67.4,"data":{"shapes":[{"ty":"gr","it":[{"ind":0,"ty":"sh","ix":1,"ks":{"a":0,"k":{"i":[[0,12.175],[8.472,0],[3.743,-0.017],[0,0],[0,0],[0,0],[0,0],[0,0],[-2.577,0],[-1.512,0.073],[0,0],[0,0],[0,0]],"o":[[0,-23.572],[-4.179,0],[0,0],[0,0],[0,0],[0,0],[0,0],[3.18,0],[0.952,0],[0,0],[0,0],[0,0],[6.348,-3.294]],"v":[[64.195,-46.954],[36.911,-70.496],[17.85,-70.439],[17.85,-70.496],[2.518,-70.496],[2.518,0],[17.85,0],[17.85,-23.471],[34.077,-23.471],[37.857,-23.553],[49.277,-0.003],[65.897,-0.003],[52.443,-27.077]],"c":true},"ix":2},"nm":"R","mn":"ADBE Vector Shape - Group","hd":false},{"ind":1,"ty":"sh","ix":2,"ks":{"a":0,"k":{"i":[[4.37,0],[3.326,0],[0,0],[-2.794,0],[0,-9.784]],"o":[[-1.335,0],[0,0],[4.022,0],[4.773,0],[-0.003,9.863]],"v":[[35.728,-37.178],[17.85,-37.178],[17.85,-56.769],[35.965,-56.769],[49.982,-46.985]],"c":true},"ix":2},"nm":"R","mn":"ADBE Vector Shape - Group","hd":false}],"nm":"R","np":5,"cix":2,"bm":0,"ix":1,"mn":"ADBE Vector Group","hd":false}]},"fFamily":"GRIFTER"},{"ch":"I","size":20.2999992370605,"style":"Bold","w":21.8,"data":{"shapes":[{"ty":"gr","it":[{"ind":0,"ty":"sh","ix":1,"ks":{"a":0,"k":{"i":[[0,0],[0,0],[0,0],[0,0]],"o":[[0,0],[0,0],[0,0],[0,0]],"v":[[18.051,0],[18.051,-70.496],[2.719,-70.496],[2.719,0]],"c":true},"ix":2},"nm":"I","mn":"ADBE Vector Shape - Group","hd":false}],"nm":"I","np":3,"cix":2,"bm":0,"ix":1,"mn":"ADBE Vector Group","hd":false}]},"fFamily":"GRIFTER"},{"ch":"A","size":20.2999992370605,"style":"Bold","w":77.1,"data":{"shapes":[{"ty":"gr","it":[{"ind":0,"ty":"sh","ix":1,"ks":{"a":0,"k":{"i":[[0,0],[0,0],[0,0],[0,0],[0,0],[0,0],[0,0],[0,0]],"o":[[0,0],[0,0],[0,0],[0,0],[0,0],[0,0],[0,0],[0,0]],"v":[[53.61,-70.425],[27.934,-70.425],[2.719,0],[18.607,0],[22.766,-11.62],[58.778,-11.62],[62.938,0],[78.825,0]],"c":true},"ix":2},"nm":"A","mn":"ADBE Vector Shape - Group","hd":false},{"ind":1,"ty":"sh","ix":2,"ks":{"a":0,"k":{"i":[[0,0],[0,0],[0,0],[0,0]],"o":[[0,0],[0,0],[0,0],[0,0]],"v":[[27.771,-25.595],[38.844,-56.522],[42.7,-56.522],[53.773,-25.595]],"c":true},"ix":2},"nm":"A","mn":"ADBE Vector Shape - Group","hd":false}],"nm":"A","np":5,"cix":2,"bm":0,"ix":1,"mn":"ADBE Vector Group","hd":false}]},"fFamily":"GRIFTER"},{"ch":"L","size":20.2999992370605,"style":"Bold","w":63.1,"data":{"shapes":[{"ty":"gr","it":[{"ind":0,"ty":"sh","ix":1,"ks":{"a":0,"k":{"i":[[0,0],[0,0],[0,0],[0,0],[0,0],[0,0]],"o":[[0,0],[0,0],[0,0],[0,0],[0,0],[0,0]],"v":[[18.051,-70.496],[2.719,-70.496],[2.719,0],[60.657,0],[60.657,-13.853],[18.051,-13.853]],"c":true},"ix":2},"nm":"L","mn":"ADBE Vector Shape - Group","hd":false}],"nm":"L","np":3,"cix":2,"bm":0,"ix":1,"mn":"ADBE Vector Group","hd":false}]},"fFamily":"GRIFTER"},{"ch":"S","size":20.2999992370605,"style":"Bold","w":71,"data":{"shapes":[{"ty":"gr","it":[{"ind":0,"ty":"sh","ix":1,"ks":{"a":0,"k":{"i":[[15.799,2.567],[0,3.735],[-11.874,0],[0,-4.887],[0,0],[27.371,0],[0,-9.953],[-21.068,-3.107],[0,-4.796],[11.589,0],[0,10.646],[3.18,0],[-34.741,0],[0,17.5]],"o":[[-11.784,-1.912],[0,-3.401],[14.577,0],[5.394,0],[0,-10.736],[-23.001,0],[0,12.894],[13.815,2.039],[0,5.461],[-9.154,0],[-8.672,0],[0,6.819],[20.61,0],[0,-15.944]],"v":[[35.947,-42.735],[20.01,-49.785],[34.578,-57.471],[51.323,-45.32],[67.407,-45.32],[34.578,-71.371],[4.207,-49.925],[34.746,-29.555],[53.377,-21.889],[36.966,-13.754],[18.448,-26.065],[2.719,-26.065],[37.45,0],[69.716,-21.899]],"c":true},"ix":2},"nm":"S","mn":"ADBE Vector Shape - Group","hd":false}],"nm":"S","np":3,"cix":2,"bm":0,"ix":1,"mn":"ADBE Vector Group","hd":false}]},"fFamily":"GRIFTER"},{"ch":" ","size":20.2999992370605,"style":"Bold","w":31.9,"data":{},"fFamily":"GRIFTER"},{"ch":"F","size":20.2999992370605,"style":"Bold","w":65.2,"data":{"shapes":[{"ty":"gr","it":[{"ind":0,"ty":"sh","ix":1,"ks":{"a":0,"k":{"i":[[0,0],[0,0],[0,0],[0,0],[0,0],[0,0],[0,0],[0,0],[0,0],[0,0]],"o":[[0,0],[0,0],[0,0],[0,0],[0,0],[0,0],[0,0],[0,0],[0,0],[0,0]],"v":[[2.719,-70.496],[2.719,0],[18.051,0],[18.051,-28.323],[60.66,-28.323],[60.66,-42.172],[18.051,-42.172],[18.051,-56.642],[62.741,-56.642],[62.741,-70.496]],"c":true},"ix":2},"nm":"F","mn":"ADBE Vector Shape - Group","hd":false}],"nm":"F","np":3,"cix":2,"bm":0,"ix":1,"mn":"ADBE Vector Group","hd":false}]},"fFamily":"GRIFTER"},{"ch":"W","size":20.2999992370605,"style":"Bold","w":113.4,"data":{"shapes":[{"ty":"gr","it":[{"ind":0,"ty":"sh","ix":1,"ks":{"a":0,"k":{"i":[[0,0],[0,0],[0,0],[0,0],[0,0],[0,0],[0,0],[0,0],[0,0],[0,0],[0,0],[0,0],[0,0],[0,0],[0,0],[0,0]],"o":[[0,0],[0,0],[0,0],[0,0],[0,0],[0,0],[0,0],[0,0],[0,0],[0,0],[0,0],[0,0],[0,0],[0,0],[0,0],[0,0]],"v":[[81.494,-14.026],[80.177,-14.026],[66.791,-70.496],[47.699,-70.496],[34.312,-14.026],[32.564,-14.026],[19.553,-70.496],[2.719,-70.496],[19.194,0],[45.702,0],[56.587,-46.619],[57.906,-46.619],[68.793,0],[94.861,0],[111.339,-70.496],[94.504,-70.496]],"c":true},"ix":2},"nm":"W","mn":"ADBE Vector Shape - Group","hd":false}],"nm":"W","np":3,"cix":2,"bm":0,"ix":1,"mn":"ADBE Vector Group","hd":false}]},"fFamily":"GRIFTER"},{"ch":"E","size":20.2999992370605,"style":"Bold","w":63.1,"data":{"shapes":[{"ty":"gr","it":[{"ind":0,"ty":"sh","ix":1,"ks":{"a":0,"k":{"i":[[0,0],[0,0],[0,0],[0,0],[0,0],[0,0],[0,0],[0,0],[0,0],[0,0],[0,0],[0,0],[0,0],[0,0]],"o":[[0,0],[0,0],[0,0],[0,0],[0,0],[0,0],[0,0],[0,0],[0,0],[0,0],[0,0],[0,0],[0,0],[0,0]],"v":[[2.719,-70.499],[2.719,-0.003],[18.051,-0.003],[18.051,0],[60.657,0],[60.657,-14.03],[18.051,-14.03],[18.051,-28.326],[60.657,-28.326],[60.657,-42.177],[18.051,-42.177],[18.051,-56.645],[60.657,-56.645],[60.657,-70.499]],"c":true},"ix":2},"nm":"E","mn":"ADBE Vector Shape - Group","hd":false}],"nm":"E","np":3,"cix":2,"bm":0,"ix":1,"mn":"ADBE Vector Group","hd":false}]},"fFamily":"GRIFTER"},{"ch":"B","size":20.2999992370605,"style":"Bold","w":68,"data":{"shapes":[{"ty":"gr","it":[{"ind":0,"ty":"sh","ix":1,"ks":{"a":0,"k":{"i":[[6.287,2.229],[0,7.7],[14.668,0],[1.985,0],[0,0],[0,0],[-7.649,0],[0,13.58]],"o":[[4.422,-2.347],[0,-14.156],[-3.853,0],[0,0],[0,0],[0,0],[10.765,0],[-0.003,-9.282]],"v":[[55.865,-36.153],[62.738,-50.449],[38.585,-70.496],[29.906,-70.496],[2.719,-70.496],[2.719,0],[45.918,0],[65.715,-20.047]],"c":true},"ix":2},"nm":"B","mn":"ADBE Vector Shape - Group","hd":false},{"ind":1,"ty":"sh","ix":2,"ks":{"a":0,"k":{"i":[[-3.97,0],[0,-6.973],[7.083,0],[5.658,0],[0,0]],"o":[[7.477,0],[0,7.126],[-3.912,0],[0,0],[2.132,0]],"v":[[34.206,-56.519],[47.713,-49.126],[34.862,-41.733],[18.048,-41.733],[18.048,-56.519]],"c":true},"ix":2},"nm":"B","mn":"ADBE Vector Shape - Group","hd":false},{"ind":2,"ty":"sh","ix":3,"ks":{"a":0,"k":{"i":[[7.474,0],[6.094,0],[0,0],[0,0],[-4.767,0],[0,-6.644]],"o":[[-5.171,0],[0,0],[0,0],[4.146,0],[7.086,0],[-0.003,7.243]],"v":[[37.459,-13.977],[30.852,-13.977],[18.051,-13.977],[18.051,-29.431],[39.401,-29.431],[50.693,-21.703]],"c":true},"ix":2},"nm":"B","mn":"ADBE Vector Shape - Group","hd":false}],"nm":"B","np":6,"cix":2,"bm":0,"ix":1,"mn":"ADBE Vector Group","hd":false}]},"fFamily":"GRIFTER"},{"ch":"P","size":20.2999992370605,"style":"Bold","w":66.7,"data":{"shapes":[{"ty":"gr","it":[{"ind":0,"ty":"sh","ix":1,"ks":{"a":0,"k":{"i":[[8.475,0],[3.743,-0.02],[0,0],[0,0],[0,0],[0,0],[0,0],[-2.577,0],[0,26.291]],"o":[[-4.179,0],[0,0],[0,0],[0,0],[0,0],[0,0],[3.18,0],[6.7,0],[0,-25.339]],"v":[[34.326,-70.496],[18.051,-70.436],[18.051,-70.496],[2.719,-70.496],[2.719,0],[18.051,0],[18.051,-19.737],[34.279,-19.737],[64.397,-45.087]],"c":true},"ix":2},"nm":"P","mn":"ADBE Vector Shape - Group","hd":false},{"ind":1,"ty":"sh","ix":2,"ks":{"a":0,"k":{"i":[[4.073,0],[3.433,0],[0,0],[-2.811,0],[0,-12.164]],"o":[[-1.338,0],[0,0],[4.173,0],[5.115,0],[0,12.741]],"v":[[34.845,-32.965],[18.051,-32.965],[18.051,-57.248],[35.081,-57.248],[50.04,-45.117]],"c":true},"ix":2},"nm":"P","mn":"ADBE Vector Shape - Group","hd":false}],"nm":"P","np":5,"cix":2,"bm":0,"ix":1,"mn":"ADBE Vector Group","hd":false}]},"fFamily":"GRIFTER"},{"ch":"-","size":20.2999992370605,"style":"Bold","w":53.9,"data":{"shapes":[{"ty":"gr","it":[{"ind":0,"ty":"sh","ix":1,"ks":{"a":0,"k":{"i":[[0,0],[0,0],[0,0],[0,0]],"o":[[0,0],[0,0],[0,0],[0,0]],"v":[[51.503,-21.552],[51.503,-36.807],[2.719,-36.807],[2.719,-21.552]],"c":true},"ix":2},"nm":"-","mn":"ADBE Vector Shape - Group","hd":false}],"nm":"-","np":3,"cix":2,"bm":0,"ix":1,"mn":"ADBE Vector Group","hd":false}]},"fFamily":"GRIFTER"}]}